# ************************************************************
# Sequel Pro SQL dump
# Version 4096
#
# http://www.sequelpro.com/
# http://code.google.com/p/sequel-pro/
#
# Host: 72.3.204.160 (MySQL 5.1.70-log)
# Database: 485371_projects
# Generation Time: 2015-01-06 14:04:20 +0000
# ************************************************************


/*!40101 SET @OLD_CHARACTER_SET_CLIENT=@@CHARACTER_SET_CLIENT */;
/*!40101 SET @OLD_CHARACTER_SET_RESULTS=@@CHARACTER_SET_RESULTS */;
/*!40101 SET @OLD_COLLATION_CONNECTION=@@COLLATION_CONNECTION */;
/*!40101 SET NAMES utf8 */;
/*!40014 SET @OLD_FOREIGN_KEY_CHECKS=@@FOREIGN_KEY_CHECKS, FOREIGN_KEY_CHECKS=0 */;
/*!40101 SET @OLD_SQL_MODE=@@SQL_MODE, SQL_MODE='NO_AUTO_VALUE_ON_ZERO' */;
/*!40111 SET @OLD_SQL_NOTES=@@SQL_NOTES, SQL_NOTES=0 */;


# Dump of table clients
# ------------------------------------------------------------

DROP TABLE IF EXISTS `clients`;

CREATE TABLE `clients` (
  `id` int(10) unsigned NOT NULL AUTO_INCREMENT,
  `name` varchar(255) COLLATE utf8_unicode_ci NOT NULL,
  `address` varchar(255) COLLATE utf8_unicode_ci DEFAULT NULL,
  `post_code` varchar(8) COLLATE utf8_unicode_ci DEFAULT NULL,
  `main_phone` varchar(255) COLLATE utf8_unicode_ci DEFAULT NULL,
  `importance` smallint(6) DEFAULT NULL,
  `created_at` timestamp NOT NULL DEFAULT '0000-00-00 00:00:00',
  `updated_at` timestamp NOT NULL DEFAULT '0000-00-00 00:00:00',
  PRIMARY KEY (`id`)
) ENGINE=InnoDB DEFAULT CHARSET=utf8 COLLATE=utf8_unicode_ci;

LOCK TABLES `clients` WRITE;
/*!40000 ALTER TABLE `clients` DISABLE KEYS */;

INSERT INTO `clients` (`id`, `name`, `address`, `post_code`, `main_phone`, `importance`, `created_at`, `updated_at`)
VALUES
	(1,'Draft FCB','84 Eccleston Square,\nLondon,\nUK','SW1V 1PX','',10,'2014-04-03 12:45:02','2014-04-04 05:58:37'),
	(2,'Start JG','An Address,\nA street','SW87','',10,'2014-04-03 12:45:02','2014-04-04 05:58:27'),
	(3,'TBWA','76 - 80 Whitfield St.,London','','',10,'2014-04-03 12:45:02','2014-04-03 12:45:02'),
	(4,'Four23','Berry House, Berry Street','EC1V 0AA','',10,'2014-04-03 12:45:02','2014-04-03 12:45:02'),
	(5,'Coppafeel','','','',10,'2014-04-04 13:21:17','2014-04-04 13:21:17'),
	(6,'Jam','60 Great Portland Street,\nLondon','W1W 7RT','',10,'2014-04-04 13:22:21','2014-04-04 13:22:21'),
	(7,'Ibiza Rocks','','','',8,'2014-04-04 13:22:44','2014-04-04 13:22:44'),
	(8,'Sophie Edginton','','','',8,'2014-04-04 13:22:55','2014-04-04 13:22:55'),
	(9,'Breed','','','',7,'2014-04-04 13:23:06','2014-04-04 13:23:06'),
	(10,'Lima London','31 Rathbone Place\nLondon W1T 1JH\nRestaurant : 0203 002 2640\nHead Office: 0207 0258 008','W1T 1JH','0203 002 2640',7,'2014-04-04 13:23:20','2014-04-10 11:52:26'),
	(11,'S&H','6 Brew House Yard, \r\nLondon \r\nEC1V 4DG','','',10,'2014-04-04 13:23:28','2014-07-25 08:42:55'),
	(12,'Causeway','','','',9,'2014-04-04 13:23:43','2014-04-04 13:23:43'),
	(13,'Leapfrog','','','',8,'2014-04-04 13:24:21','2014-04-04 13:24:21'),
	(14,'GPStudio','','','',9,'2014-04-04 13:24:40','2014-04-04 13:24:40'),
	(15,'Cue & Co','','','',NULL,'2014-04-04 13:25:02','2014-04-04 13:25:02'),
	(16,'Cavo Alkyoni','','','',NULL,'2014-04-04 13:25:22','2014-04-04 13:25:22'),
	(17,'RSBP','','','',NULL,'2014-04-04 13:25:32','2014-04-04 13:25:32'),
	(18,'Atticus Associates','','','',0,'2014-04-10 11:20:30','2014-04-10 11:20:30'),
	(19,'IOVOX','99c Talbot Road\nLondon, W11 2AT','','',0,'2014-04-10 11:20:40','2014-04-10 11:20:40'),
	(20,'Fox Collective','','','',0,'2014-04-12 09:13:11','2014-04-12 09:13:11'),
	(21,'INITIALS Marketing','','','020 7747 7400',0,'2014-04-17 12:34:01','2014-04-17 12:34:01'),
	(22,'Medway Council','Gun Wharf\r\nDock Road\r\nChatham\r\nKent ','ME4 4TR','01634 337083',9,'2014-04-30 07:18:21','2014-04-30 07:18:21'),
	(23,'Home Associates','Bellissimoto\r\n36 Raymouth Road\r\nLondon ','SE16 2DB','020 7183 3223',2,'2014-05-07 20:28:13','2014-05-07 20:28:13'),
	(24,'Not Known','','','',0,'2014-05-07 20:30:02','2014-05-07 20:30:02'),
	(25,'Achieve Events','','','',10,'2014-05-07 23:08:09','2014-05-07 23:08:09'),
	(26,'Northern Ireland Rare Disease Partnership (NIRDP)','6 Ava Crescent\r\nBelfast','BT7 3DU','',7,'2014-05-27 06:50:12','2014-05-27 06:50:12'),
	(27,'Colorido Studios Ltd','5th floor\r\n28 Throgmorten Street\r\nLondon','EC2N 2AN','',9,'2014-05-29 21:38:23','2014-05-29 21:38:23'),
	(28,'Ragdoll Productions','','','',10,'2014-06-10 14:01:05','2014-06-10 14:01:05'),
	(29,'Weekly Clean','','','020 7688 0397',8,'2014-06-11 11:20:49','2014-06-11 11:20:49'),
	(30,'Karmarama','20 Farringdon Road','','',0,'2014-06-11 12:34:24','2014-06-11 12:35:19'),
	(31,'Tunbridge Wells Plastic Surgery','6 Mount Ephraim\r\nTunbridge Wells\r\nKent ','TN4 8AS','',8,'2014-06-27 10:36:53','2014-06-27 10:36:53'),
	(32,'La Gitana','','','',8,'2014-07-03 14:46:24','2014-07-03 14:46:24'),
	(33,'Brash Brands','170 Exmouth House\r\n3/11 Pine Street\r\nIslington\r\nLondon','EC1R 0JH','',9,'2014-07-16 13:21:19','2014-07-16 13:21:19'),
	(34,'Gill Rees Legal','','','',8,'2014-07-16 15:17:57','2014-07-16 15:18:30'),
	(35,'Ignis','St. John\'s Hall\r\n374 North End Road\r\nFulham\r\nSW6 1LY','','020 7385 6677',0,'2014-07-21 13:15:10','2014-07-21 13:15:10'),
	(36,'SHP','12 South Hill Park\r\nLondon','NW3 2SB','',8,'2014-07-25 11:26:00','2014-07-25 11:26:00'),
	(37,'Virgin Care','Virgin Care Limited\r\nLynton House\r\n7-12 Tavistock Square\r\nLondon ','WC1H 9LT','',0,'2014-08-12 10:44:40','2014-08-12 10:44:40'),
	(38,'Wunderman','Greater London House\r\nHampstead Road\r\nLondon','NW1 7QP','0207 611 6912',9,'2014-10-23 12:57:49','2014-10-23 12:57:49'),
	(39,'Borough Kitchen','Borough Market\r\n16 Borough High Street\r\nLondon','SE1 9QG','0203 302 4260',9,'2014-12-15 18:51:20','2014-12-15 18:51:20');

/*!40000 ALTER TABLE `clients` ENABLE KEYS */;
UNLOCK TABLES;


# Dump of table contacts
# ------------------------------------------------------------

DROP TABLE IF EXISTS `contacts`;

CREATE TABLE `contacts` (
  `id` int(10) unsigned NOT NULL AUTO_INCREMENT,
  `client_id` int(11) NOT NULL,
  `name` varchar(255) COLLATE utf8_unicode_ci NOT NULL DEFAULT 'Full Name',
  `role` varchar(255) COLLATE utf8_unicode_ci DEFAULT NULL,
  `email` varchar(255) COLLATE utf8_unicode_ci NOT NULL,
  `main_phone` varchar(255) COLLATE utf8_unicode_ci DEFAULT NULL,
  `mobile_phone` varchar(255) COLLATE utf8_unicode_ci DEFAULT NULL,
  `created_at` timestamp NOT NULL DEFAULT '0000-00-00 00:00:00',
  `updated_at` timestamp NOT NULL DEFAULT '0000-00-00 00:00:00',
  PRIMARY KEY (`id`)
) ENGINE=InnoDB DEFAULT CHARSET=utf8 COLLATE=utf8_unicode_ci;

LOCK TABLES `contacts` WRITE;
/*!40000 ALTER TABLE `contacts` DISABLE KEYS */;

INSERT INTO `contacts` (`id`, `client_id`, `name`, `role`, `email`, `main_phone`, `mobile_phone`, `created_at`, `updated_at`)
VALUES
	(1,6,'Rob Kent','Senior Project Manager','Rob.Kent@spreadingjam.com','020 3128 6886','','2014-04-04 13:32:34','2014-04-04 13:32:34'),
	(2,6,'Seb Carder','','Sebastian.Carder@spreadingjam.com','','','2014-04-04 13:32:57','2014-04-04 13:37:35'),
	(3,3,'Natalie Lennon','Account Executive','natalie.lennon@tbwa.com','020 7573 6509','','2014-04-04 13:33:29','2014-04-04 13:37:41'),
	(4,3,'Olga Bortkevica','Account Manager','olga.bortkevica@tbwa.com','020 7573 6678','','2014-04-04 13:38:36','2014-04-04 13:38:36'),
	(5,8,'Sophie Edginton','CEO','svedginton@hotmail.com','','','2014-04-04 13:39:04','2014-04-04 13:39:04'),
	(6,4,'Sinead McCarthy','Digital Project Manager','sinead@four23.net','020 7253 7219','','2014-04-04 15:20:37','2014-04-04 15:20:37'),
	(7,5,'Maren Hallenga','CEO','maren@coppafeel.org','01872 519239','07585 504 255','2014-04-04 16:06:51','2014-06-25 15:09:41'),
	(8,9,'Olivia Triggs','','olivia@breedlondon.com','020 7269 0196','0777 599 2006','2014-04-04 18:22:20','2014-04-04 18:22:20'),
	(9,11,'Julian Wakely','Head of Interactive','Julian.Wakeley@sudler.com','','','2014-04-04 18:22:52','2014-04-04 18:22:52'),
	(10,12,'Garry Monaghan','CEO','garrypmonaghan@gmail.com','','','2014-04-04 18:23:22','2014-04-04 18:23:22'),
	(11,15,'Zena Bentzen','Account Manager','zena@cuedevelopments.co.uk','','','2014-04-10 10:58:29','2014-04-10 10:58:29'),
	(12,7,'Michael Fensom','Project Manager','michael.fensom@ibizarocks.com','','','2014-04-10 11:11:50','2014-04-10 11:11:50'),
	(13,13,'Ben Potter','Commercial Director','Ben.Potter@Leapfrogg.co.uk','','','2014-04-10 11:18:45','2014-04-10 11:18:45'),
	(14,13,'Anna Taylor','','Anna.Taylor@Leapfrogg.co.uk','','','2014-04-10 11:19:08','2014-04-10 11:19:08'),
	(15,14,'Chris Poulton','Director / Owner','Chris@gpstudio.uk.com','','','2014-04-10 11:22:13','2014-04-10 11:22:13'),
	(16,16,'Jo Hughes','','jo@skoposdesign.com','','','2014-04-10 11:22:43','2014-04-10 11:22:43'),
	(17,17,'Rachel Carless','','rachel.carless@rspb.org.uk','01273 763 374','','2014-04-10 11:23:14','2014-04-10 11:23:14'),
	(18,2,'Mark Moses','Senior Account Manager','mark.moses@startjg.com','020 7269 0101','07715 291997','2014-04-10 11:23:59','2014-04-10 11:23:59'),
	(19,19,'Ryan Gallagher','CEO','ryan@iovox.com','020 7099 1077','','2014-04-10 11:24:41','2014-04-10 11:24:41'),
	(20,18,'Debbie J Cole','','debbie.jcole@atticus-associates.com','','07786 802 790','2014-04-10 11:25:07','2014-04-10 11:25:07'),
	(21,10,'Simon Gomez','Intern - Head Office','Simon@limalondon.com','0203 002 2640','','2014-04-10 11:51:53','2014-06-11 12:27:02'),
	(22,11,'Mark Gledhill','','mark.gledhill@sudler.com','','','2014-04-10 11:57:16','2014-04-10 11:57:16'),
	(23,1,'Vishal Raval','Project Manager','vishal.ravel@fcbinferno.com','','','2014-04-10 12:03:20','2014-04-10 12:03:20'),
	(24,2,'Tom Lowndes','Senior Producer','tom.lowndes@startjg.com','','','2014-04-10 12:07:45','2014-04-10 12:07:45'),
	(25,11,'Ruari Burgham','','ruari.burgham@sudler.com','','','2014-04-11 06:28:46','2014-04-18 12:50:56'),
	(26,20,'Tony Fox','','tony@unknown.com','','','2014-04-11 09:37:49','2014-04-11 09:37:49'),
	(27,21,'Initials Marketing Person','','info@initialsmarketing.co.uk','020 7747 7400','','2014-04-17 12:34:35','2014-04-17 12:34:35'),
	(28,22,'Lauren Gibson','','lauren.gibson@medway.gov.uk','01634 337083','','2014-04-30 07:18:40','2014-04-30 07:18:40'),
	(29,3,'Chloe Nicholson','Senior Dealer Marketing Consultant','chloe.nicholson@tbwa.com','020 7573 7197','07710 399410','2014-05-07 07:25:15','2014-06-18 09:40:09'),
	(30,23,'Elisabetta Cirulli','Project Manager','elisabetta@home-associates.com','020 7183 3223','07749 142 295','2014-05-07 20:28:57','2014-05-07 20:28:57'),
	(31,24,'Not Known','','not@known.com','','','2014-05-07 20:30:17','2014-05-07 20:30:17'),
	(32,25,'Simon Kentish','','simon.kentish@achieveevents.com','','','2014-05-07 23:09:00','2014-05-07 23:09:00'),
	(33,3,'Rachel Patel','Account Manager','rachel.patel@tbwa.com','020 7573 6525','07850 716 556','2014-05-23 22:51:01','2014-06-19 09:27:30'),
	(34,26,'Tristan Collins','','tristan@mailforce.net','','','2014-05-27 06:50:46','2014-05-27 06:50:46'),
	(35,27,'Nicholas Morland','Owner','nick@coloridostudios.com','','07843 441831','2014-05-29 21:38:46','2014-05-29 21:39:16'),
	(36,28,'Chris Wood','Owner','chrisw@ragdoll.co.uk','','','2014-06-10 14:01:37','2014-06-10 14:01:37'),
	(37,1,'Chris Savioz','Digital Project Manager','Chris.Savioz@fcbinferno.com',' +44 (0)20 3048 0034','','2014-06-10 17:21:10','2014-06-10 17:21:10'),
	(38,3,'Sanjeev Gordhan','Dealer Marketing Consultant','sanjeev.gordhan@tbwa.com','020 7573 6556','','2014-06-11 07:39:36','2014-06-11 07:39:36'),
	(39,29,'Katherine Torrence','Owner','katorrence@hotmail.com','','+44 (0)77 6589 7900','2014-06-11 11:21:23','2014-07-29 11:08:45'),
	(40,10,'Gabriel','Partner','gabriel@limalondon.com','','','2014-06-11 12:27:23','2014-06-11 12:27:23'),
	(41,23,'Andrew Young','Director','andrew@home-associates.com','','','2014-06-11 12:27:50','2014-06-11 12:27:50'),
	(42,30,'Jaromir Kaska','','Jaromir.Kaska@karmarama.com','','07730 287 959','2014-06-11 12:35:07','2014-06-11 12:35:07'),
	(43,2,'Kirsten Wilson','','kirstin.wilson@startjg.com','','','2014-06-17 10:13:03','2014-06-17 10:13:38'),
	(44,31,'Marc Pacifico','Owner','marc@pacifico.co.uk','','','2014-06-27 10:37:26','2014-06-27 10:37:26'),
	(45,32,'Mark Elwell','Owner','mark_elwell@hotmail.com','','','2014-07-03 14:46:03','2014-07-03 14:46:42'),
	(46,3,'Jerome Jefferson','Dealer Marketing Consultant','jerome.jefferson@tbwa.com',' 020 7573 6766','','2014-07-04 11:45:27','2014-07-04 11:45:27'),
	(47,2,'Kiara Cleary','','kiara.cleary@startjg.com','','','2014-07-09 14:20:45','2014-07-09 14:20:45'),
	(48,33,'Kiran Gill','','kiran.g@brashbrands.com','','','2014-07-16 13:21:57','2014-07-16 13:21:57'),
	(49,34,'Nick Rees','','nickrees@gillrees.com','0203 397 2959','07711 744 081','2014-07-16 15:19:16','2014-07-16 15:19:16'),
	(50,35,'Nick Peters','Creative Director / Founder','nick@ignis.co.uk','','','2014-07-21 13:15:55','2014-07-21 13:15:55'),
	(51,36,'Shannon Makori','','shannonmakori@gmail.com','','','2014-07-25 11:26:17','2014-07-25 11:26:17'),
	(52,2,'Helen Doherty','Junior Producer','helen.doherty@startjg.com','+44 (0) 20 7269 0197','','2014-07-31 14:34:41','2014-07-31 14:35:57'),
	(53,11,'Kate Mitchell','Senior Account Manager','Kate.Mitchell@transart.co.uk','+44 207 307 7868','+44 7825 830 848','2014-07-31 14:35:34','2014-07-31 14:35:34'),
	(54,3,'Chris Johnson','Graduate Account Executive','chris.johnson@tbwa.com','020 7573 6759','','2014-08-06 12:45:45','2014-08-06 12:45:45'),
	(55,25,'test project 1234','test','test@test.com','test','test','2014-08-12 10:48:06','2014-08-12 10:48:06'),
	(56,37,'Jess Lonsdale','Head of Brands and Marketing','jess.lonsdale@virgincare.co.uk','020 7380 1791','07971 755 854','2014-08-12 10:50:01','2014-08-12 10:50:01'),
	(57,11,'Imke Siefkes ','Digital Project Manager','Imke.Siefkes@sudler.com','020 7307 7872','07823 369 622','2014-08-15 12:34:32','2014-08-15 12:34:32'),
	(58,2,'James Marshall','Lead Producer','james.marshall@startjg.com','020 7269 0141','','2014-08-26 11:37:36','2014-08-26 11:37:36'),
	(59,3,'Sara Crosbie','Electric Vehicle Marketing Consultant','sara.crosbie@tbwa.com','020 7573 6590','','2014-09-16 13:13:47','2014-09-16 13:13:47'),
	(60,3,'Jessica Croucher','Dealer Marketing Consultant','jessica.croucher@nissanmarketing.co.uk','020 7573 7183','','2014-10-01 09:37:46','2014-10-01 09:37:46'),
	(61,3,'David Owen','Account Director','david.owen@tbwa.com','','','2014-10-07 19:09:11','2014-10-07 19:09:11'),
	(62,38,'Ryo Murad','Senior Client Director','Ryo.Murad@wunderman.com','','07788997043','2014-10-23 12:58:51','2014-10-23 12:58:51'),
	(63,38,'Ram Aiyar','Project Director','ram.aiyar@wunderman.com','','07805051302','2014-10-23 12:59:25','2014-10-23 12:59:25'),
	(64,2,'Nick Warry','Account Manager','nick.warry@startjg.com','','','2014-11-26 13:38:27','2014-11-26 13:38:27'),
	(65,39,'David Caldana','Owner','david@boroughkitchen.com','','','2014-12-15 18:51:54','2014-12-15 18:52:33'),
	(66,3,'Caroline McCulloch','Account Manager','caroline.mcculloch@tbwa.com','','','2014-12-19 13:55:35','2014-12-19 13:55:35'),
	(67,3,'Donna Edgecombe','','donna.edgecombe@tbwa.com','020 7440 1127','07734 743 232','2015-01-05 12:00:14','2015-01-05 12:00:14');

/*!40000 ALTER TABLE `contacts` ENABLE KEYS */;
UNLOCK TABLES;


# Dump of table costings
# ------------------------------------------------------------

DROP TABLE IF EXISTS `costings`;

CREATE TABLE `costings` (
  `id` int(10) unsigned NOT NULL AUTO_INCREMENT,
  `project_id` int(11) NOT NULL,
  `paymentphase_id` int(11) NOT NULL,
  `reference` varchar(255) COLLATE utf8_unicode_ci DEFAULT NULL,
  `link` varchar(255) COLLATE utf8_unicode_ci DEFAULT NULL,
  `value` decimal(9,2) DEFAULT NULL,
  `note` longtext COLLATE utf8_unicode_ci,
  `created_at` timestamp NOT NULL DEFAULT '0000-00-00 00:00:00',
  `updated_at` timestamp NOT NULL DEFAULT '0000-00-00 00:00:00',
  PRIMARY KEY (`id`)
) ENGINE=InnoDB DEFAULT CHARSET=utf8 COLLATE=utf8_unicode_ci;

LOCK TABLES `costings` WRITE;
/*!40000 ALTER TABLE `costings` DISABLE KEYS */;

INSERT INTO `costings` (`id`, `project_id`, `paymentphase_id`, `reference`, `link`, `value`, `note`, `created_at`, `updated_at`)
VALUES
	(1,1,4,'950','https://diginutltd.freeagent.com/projects/564563/invoices',NULL,NULL,'2014-06-16 14:00:19','2014-06-16 13:15:00'),
	(2,2,4,'959','https://diginutltd.freeagent.com/invoices/8606567',NULL,NULL,'2014-06-16 14:00:19','2014-06-16 13:15:22'),
	(3,3,4,'934','https://diginutltd.freeagent.com/invoices/8351403',NULL,NULL,'2014-06-16 14:00:19','2014-06-16 13:15:44'),
	(4,4,4,'946','https://diginutltd.freeagent.com/invoices/8542730',NULL,NULL,'2014-06-16 14:00:19','2014-06-16 13:15:53'),
	(5,5,4,'880','https://diginutltd.freeagent.com/estimates/542398',NULL,NULL,'2014-06-16 14:00:19','2014-06-16 13:16:09'),
	(6,7,4,'811','https://diginutltd.freeagent.com/estimates/429175',NULL,NULL,'2014-06-16 14:00:19','2014-06-16 13:06:57'),
	(7,8,4,'815','https://diginutltd.freeagent.com/estimates/432782',NULL,NULL,'2014-06-16 14:00:19','2014-06-16 13:07:09'),
	(8,9,4,'851','https://diginutltd.freeagent.com/estimates/506997',NULL,NULL,'2014-06-16 14:00:19','2014-06-16 13:07:19'),
	(9,10,4,'881','https://diginutltd.freeagent.com/estimates/542407',NULL,NULL,'2014-06-16 14:00:19','2014-06-16 13:07:28'),
	(10,11,4,'863','https://diginutltd.freeagent.com/estimates/527431',NULL,NULL,'2014-06-16 14:00:19','2014-06-16 13:16:24'),
	(11,12,4,'787','https://diginutltd.freeagent.com/estimates/400375',NULL,NULL,'2014-06-16 14:00:19','2014-06-16 13:07:49'),
	(12,13,4,'850','https://diginutltd.freeagent.com/estimates/506635',NULL,NULL,'2014-06-16 14:00:19','2014-06-16 13:10:46'),
	(14,15,4,'920','https://diginutltd.freeagent.com/estimates/595410',NULL,NULL,'2014-06-16 14:00:19','2014-06-16 13:11:10'),
	(15,17,4,'876','https://diginutltd.freeagent.com/estimates/536500',NULL,NULL,'2014-06-16 14:00:19','2014-06-16 13:05:30'),
	(16,18,4,'875','https://diginutltd.freeagent.com/estimates/536496',NULL,NULL,'2014-06-16 14:00:19','2014-06-16 13:11:37'),
	(20,23,4,'888','https://diginutltd.freeagent.com/estimates/549127',NULL,NULL,'2014-06-16 14:00:19','2014-06-16 13:16:41'),
	(24,27,3,'900','https://diginutltd.freeagent.com/estimates/562618',10994.00,NULL,'2014-06-16 14:00:19','2014-07-21 12:14:37'),
	(26,29,1,'884','https://diginutltd.freeagent.com/estimates/545725',NULL,NULL,'2014-06-16 14:00:19','2014-06-16 14:00:19'),
	(27,30,4,'921','https://diginutltd.freeagent.com/estimates/602838',NULL,NULL,'2014-06-16 14:00:19','2014-06-16 13:17:39'),
	(28,31,3,'915','https://diginutltd.freeagent.com/estimates/580869',NULL,NULL,'2014-06-16 14:00:19','2014-06-16 13:14:43'),
	(29,32,1,'919','https://diginutltd.freeagent.com/estimates/595406',NULL,NULL,'2014-06-16 14:00:19','2014-06-16 14:00:19'),
	(31,34,4,'898','https://diginutltd.freeagent.com/estimates/559220',14400.00,NULL,'2014-06-16 14:00:19','2014-07-31 15:52:08'),
	(36,40,4,'905','https://diginutltd.freeagent.com/estimates/571582',NULL,NULL,'2014-06-16 14:00:19','2014-06-16 13:17:50'),
	(37,41,6,'907','https://diginutltd.freeagent.com/estimates/571628',NULL,NULL,'2014-06-16 14:00:19','2014-06-16 13:18:23'),
	(38,42,4,'906','https://diginutltd.freeagent.com/estimates/571625',NULL,NULL,'2014-06-16 14:00:19','2014-06-16 13:12:14'),
	(39,44,3,'903','https://diginutltd.freeagent.com/estimates/563695',NULL,NULL,'2014-06-16 14:00:19','2014-06-16 13:14:05'),
	(40,45,3,'909','https://diginutltd.freeagent.com/estimates/577296',NULL,NULL,'2014-06-16 14:00:19','2014-06-16 13:14:34'),
	(41,46,4,'904','https://diginutltd.freeagent.com/estimates/567684',NULL,NULL,'2014-06-16 14:00:19','2014-06-16 13:18:36'),
	(42,50,4,'916','https://diginutltd.freeagent.com/estimates/582252',NULL,NULL,'2014-06-16 14:00:19','2014-06-16 13:12:27'),
	(43,52,4,'914','https://diginutltd.freeagent.com/estimates/579873',NULL,NULL,'2014-06-16 14:00:19','2014-06-16 13:18:45'),
	(44,53,4,'917','https://diginutltd.freeagent.com/estimates/586428',NULL,NULL,'2014-06-16 14:00:19','2014-06-16 14:00:19'),
	(45,54,4,'913','https://diginutltd.freeagent.com/estimates/579365',NULL,NULL,'2014-06-16 14:00:19','2014-06-16 13:19:19'),
	(46,56,4,'927','https://diginutltd.freeagent.com/estimates/611346',NULL,NULL,'2014-06-16 14:00:19','2014-06-16 13:19:31'),
	(47,57,4,'918','https://diginutltd.freeagent.com/estimates/588370',NULL,NULL,'2014-06-16 14:00:19','2014-06-16 13:13:12'),
	(49,60,3,'922','https://diginutltd.freeagent.com/estimates/606956',NULL,NULL,'2014-06-16 14:00:19','2014-06-16 14:00:19'),
	(50,61,3,'923','https://diginutltd.freeagent.com/estimates/606976',NULL,NULL,'2014-06-16 14:00:19','2014-06-16 14:00:19'),
	(51,62,4,'924','https://diginutltd.freeagent.com/estimates/607388',NULL,NULL,'2014-06-16 14:00:19','2014-06-16 13:19:44'),
	(52,63,3,'925','https://diginutltd.freeagent.com/estimates/610837',NULL,NULL,'2014-06-16 14:00:19','2014-06-16 14:00:19'),
	(55,67,4,'928','https://diginutltd.freeagent.com/estimates/626451',NULL,NULL,'2014-06-16 14:00:19','2014-08-21 09:55:42'),
	(56,68,1,'929','https://diginutltd.freeagent.com/estimates/627353',936.00,NULL,'2014-06-16 14:00:19','2014-06-23 20:36:57'),
	(57,69,3,'946','https://diginutltd.freeagent.com/estimates/648803',NULL,NULL,'2014-06-16 14:00:19','2014-07-02 17:22:31'),
	(58,70,2,'930','https://diginutltd.freeagent.com/estimates/632565',NULL,NULL,'2014-06-16 14:00:19','2014-06-16 14:00:19'),
	(59,1,6,'950','https://diginutltd.freeagent.com/invoices/8595533',NULL,NULL,'2014-06-16 14:02:01','2014-06-16 13:15:10'),
	(60,2,6,'959','https://diginutltd.freeagent.com/invoices/8606567',NULL,NULL,'2014-06-16 14:02:01','2014-06-16 13:15:28'),
	(61,3,7,'934','https://diginutltd.freeagent.com/invoices/8351403',NULL,NULL,'2014-06-16 14:02:01','2014-06-16 14:02:01'),
	(62,4,7,'946','https://diginutltd.freeagent.com/invoices/8542730',NULL,NULL,'2014-06-16 14:02:01','2014-06-16 14:02:01'),
	(63,5,6,'951','https://diginutltd.freeagent.com/invoices/8595549',NULL,NULL,'2014-06-16 14:02:01','2014-06-16 13:16:05'),
	(68,11,6,'952','https://diginutltd.freeagent.com/invoices/8595593',NULL,NULL,'2014-06-16 14:02:01','2014-06-16 13:16:30'),
	(73,17,6,'998','https://diginutltd.freeagent.com/invoices/9112982',NULL,NULL,'2014-06-16 14:02:01','2014-06-16 14:02:01'),
	(74,18,6,'999','https://diginutltd.freeagent.com/invoices/9113037',NULL,NULL,'2014-06-16 14:02:01','2014-06-16 14:02:01'),
	(78,23,6,'969','https://diginutltd.freeagent.com/invoices/8853840',NULL,NULL,'2014-06-16 14:02:01','2014-06-16 13:16:53'),
	(85,30,6,'987','https://diginutltd.freeagent.com/invoices/9041177',NULL,NULL,'2014-06-16 14:02:01','2014-06-16 14:02:01'),
	(94,40,7,'973','https://diginutltd.freeagent.com/invoices/8854102',NULL,NULL,'2014-06-16 14:02:01','2014-06-16 14:02:01'),
	(99,46,6,'972','https://diginutltd.freeagent.com/invoices/8854080',NULL,NULL,'2014-06-16 14:02:01','2014-06-16 14:02:01'),
	(100,50,6,'997','https://diginutltd.freeagent.com/invoices/9112750',NULL,NULL,'2014-06-16 14:02:01','2014-06-16 14:02:01'),
	(101,52,6,'996','https://diginutltd.freeagent.com/invoices/9112729',NULL,NULL,'2014-06-16 14:02:01','2014-06-16 14:02:01'),
	(102,53,6,'994','https://diginutltd.freeagent.com/invoices/9112449',NULL,NULL,'2014-06-16 14:02:01','2014-06-16 13:18:56'),
	(103,54,6,'971/992','https://diginutltd.freeagent.com/projects/606898/invoices',NULL,NULL,'2014-06-16 14:02:01','2014-06-16 14:02:01'),
	(104,56,4,'993','https://diginutltd.freeagent.com/invoices/9112307',NULL,NULL,'2014-06-16 14:02:01','2014-06-16 13:19:36'),
	(105,57,6,'991','https://diginutltd.freeagent.com/invoices/9099413',NULL,NULL,'2014-06-16 14:02:01','2014-06-16 13:13:08'),
	(109,62,6,'995','https://diginutltd.freeagent.com/invoices/9112618',NULL,NULL,'2014-06-16 14:02:01','2014-06-16 14:02:01'),
	(110,64,2,'933','https://diginutltd.freeagent.com/estimates/633982',864.00,NULL,'2014-06-17 10:19:51','2014-06-20 12:40:07'),
	(111,71,4,'934','https://diginutltd.freeagent.com/estimates/636398',NULL,NULL,'2014-06-19 09:55:33','2014-06-19 14:43:00'),
	(112,73,2,'935','https://diginutltd.freeagent.com/estimates/637346',2088.00,NULL,'2014-06-20 10:47:33','2014-06-20 13:23:12'),
	(113,74,3,'936','https://diginutltd.freeagent.com/estimates/637452',486.00,NULL,'2014-06-20 12:30:37','2014-06-20 12:30:37'),
	(114,75,3,'937','https://diginutltd.freeagent.com/estimates/640540',96.00,NULL,'2014-06-23 15:12:31','2014-06-23 15:12:31'),
	(115,77,3,'938','https://diginutltd.freeagent.com/estimates/641434',NULL,NULL,'2014-06-24 11:39:24','2014-06-24 13:28:44'),
	(116,78,3,'939','https://diginutltd.freeagent.com/estimates/641448',576.00,NULL,'2014-06-24 11:50:36','2014-06-24 11:50:36'),
	(117,79,3,'940','https://diginutltd.freeagent.com/estimates/641590',1512.00,'Rejected: Client requested that we only build outlook emails, no MNS work flowing needed.','2014-06-24 13:28:30','2014-07-14 10:00:48'),
	(118,80,2,'941','https://diginutltd.freeagent.com/estimates/642216',288.00,NULL,'2014-06-25 08:33:52','2014-07-17 12:20:49'),
	(119,81,3,'942','https://diginutltd.freeagent.com/estimates/642375',NULL,NULL,'2014-06-25 10:14:02','2014-06-25 10:14:02'),
	(120,82,3,'944','https://diginutltd.freeagent.com/estimates/644569',1650.00,NULL,'2014-06-27 10:34:20','2014-06-27 10:34:20'),
	(121,83,3,'932','https://diginutltd.freeagent.com/estimates/633196',7848.00,NULL,'2014-06-27 10:40:26','2014-06-27 10:40:26'),
	(122,84,2,'945','https://diginutltd.freeagent.com/estimates/646140',288.00,NULL,'2014-06-30 14:28:56','2014-06-30 14:28:56'),
	(123,42,6,'975','https://diginutltd.freeagent.com/invoices/8854212',NULL,NULL,'2014-06-30 15:15:53','2014-06-30 15:15:53'),
	(124,85,3,'942','https://diginutltd.freeagent.com/estimates/642375',336.00,NULL,'2014-07-03 11:34:36','2014-07-15 16:48:20'),
	(125,87,4,'947','https://diginutltd.freeagent.com/estimates/648828',1800.00,NULL,'2014-07-03 14:51:02','2014-07-03 14:51:14'),
	(126,88,4,'948','https://diginutltd.freeagent.com/estimates/650605',504.00,NULL,'2014-07-04 11:48:55','2014-07-04 15:04:29'),
	(127,89,2,'949','https://diginutltd.freeagent.com/estimates/650677',862.00,NULL,'2014-07-04 12:55:18','2014-07-04 13:10:10'),
	(128,90,2,'950','https://diginutltd.freeagent.com/estimates/654580',16272.00,NULL,'2014-07-09 10:39:43','2014-07-09 10:39:43'),
	(129,91,3,'952','http://diginutltd.freeagent.com/estimates/654927',96.00,NULL,'2014-07-09 14:19:29','2014-07-09 14:32:26'),
	(130,92,3,'953','https://diginutltd.freeagent.com/estimates/654948',4536.00,NULL,'2014-07-09 14:22:30','2014-07-09 14:31:36'),
	(131,93,3,'954','https://diginutltd.freeagent.com/estimates/656071',NULL,NULL,'2014-07-10 15:01:04','2014-07-10 15:01:04'),
	(132,79,3,'956','https://diginutltd.freeagent.com/estimates/659178',936.00,NULL,'2014-07-14 10:00:40','2014-07-14 10:00:40'),
	(133,94,2,'957','https://diginutltd.freeagent.com/estimates/660855',NULL,NULL,'2014-07-15 15:16:18','2014-07-15 15:16:18'),
	(134,86,6,'1020','https://diginutltd.freeagent.com/invoices/9540264',1200.00,NULL,'2014-07-16 13:15:05','2014-07-16 13:15:05'),
	(135,97,3,'955','https://diginutltd.freeagent.com/estimates/656819',21000.00,'Rejected: Too expensive','2014-07-16 13:23:27','2014-07-30 13:11:21'),
	(136,98,3,'951','https://diginutltd.freeagent.com/estimates/654842',11000.00,NULL,'2014-07-16 15:20:17','2014-07-16 15:20:17'),
	(137,99,2,'960','https://diginutltd.freeagent.com/estimates/663483',1224.00,NULL,'2014-07-18 10:20:35','2014-07-18 14:15:58'),
	(138,100,3,'961','https://diginutltd.freeagent.com/estimates/663747',180.00,NULL,'2014-07-18 13:45:42','2014-07-18 13:45:42'),
	(139,20,1,'878','https://diginutltd.freeagent.com/estimates/536504',3120.00,NULL,'2014-07-18 16:47:55','2014-07-18 16:47:55'),
	(140,22,1,'872','https://diginutltd.freeagent.com/estimates/534535',6720.00,NULL,'2014-07-18 16:50:14','2014-07-18 16:50:14'),
	(141,27,3,'936','https://diginutltd.freeagent.com/estimates/666171',2304.00,'Additional estimate for further amends based on new design','2014-07-21 12:14:31','2014-12-02 12:41:40'),
	(142,101,3,'964','https://diginutltd.freeagent.com/estimates/666330',12500.00,NULL,'2014-07-21 13:17:33','2014-07-21 13:17:33'),
	(143,102,3,'962','https://diginutltd.freeagent.com/estimates/666042',11250.00,NULL,'2014-07-21 13:20:03','2014-07-21 13:20:03'),
	(144,103,3,'965','https://diginutltd.freeagent.com/estimates/666693',17250.00,NULL,'2014-07-21 17:17:13','2014-08-22 13:54:51'),
	(145,104,3,'967','https://diginutltd.freeagent.com/estimates/667698',600.00,NULL,'2014-07-22 15:19:06','2014-07-22 15:19:06'),
	(146,106,4,'968','https://diginutltd.freeagent.com/estimates/668016',4750.00,NULL,'2014-07-25 11:27:56','2014-07-25 11:27:56'),
	(147,97,3,'966','https://diginutltd.freeagent.com/estimates/667051',13800.00,NULL,'2014-07-30 13:11:03','2014-07-30 13:11:03'),
	(148,107,3,'969','https://diginutltd.freeagent.com/estimates/676048',1749.60,NULL,'2014-07-31 08:46:47','2014-07-31 14:38:33'),
	(149,108,3,'970','https://diginutltd.freeagent.com/estimates/676221',1368.00,NULL,'2014-07-31 10:48:45','2014-07-31 10:50:56'),
	(150,34,6,'725','https://diginutltd.freeagent.com/invoices/9673897',4320.00,NULL,'2014-07-31 15:51:38','2014-07-31 15:51:38'),
	(151,34,6,'982','https://diginutltd.freeagent.com/invoices/8909033',4320.00,NULL,'2014-07-31 15:52:02','2014-07-31 15:52:02'),
	(152,109,3,'971','https://diginutltd.freeagent.com/estimates/677458',2160.00,NULL,'2014-08-01 12:05:54','2014-08-06 12:47:02'),
	(153,110,2,'972','https://diginutltd.freeagent.com/estimates/678220',34560.00,'Rejected as too expensive','2014-08-04 08:34:37','2014-08-05 11:40:37'),
	(154,111,3,'973','https://diginutltd.freeagent.com/estimates/678676',432.00,NULL,'2014-08-04 14:09:14','2014-09-01 14:35:18'),
	(155,110,3,'974','https://diginutltd.freeagent.com/estimates/679454',22320.00,NULL,'2014-08-05 11:40:56','2014-08-05 11:40:56'),
	(156,112,3,'975','https://diginutltd.freeagent.com/estimates/679710',324.00,NULL,'2014-08-05 15:03:49','2014-08-05 15:03:49'),
	(157,114,6,'976','https://diginutltd.freeagent.com/estimates/682678',3000.00,'Flash banners','2014-08-07 10:09:53','2014-09-05 13:58:04'),
	(158,115,3,'977','https://diginutltd.freeagent.com/estimates/686514',6480.00,'New estimate created to include additional pages','2014-08-11 13:10:18','2014-08-14 13:20:03'),
	(159,116,3,'978','https://diginutltd.freeagent.com/estimates/687466',5500.00,NULL,'2014-08-12 10:42:38','2014-08-12 10:42:38'),
	(160,118,4,'980','https://diginutltd.freeagent.com/estimates/689530',324.00,NULL,'2014-08-14 11:40:45','2014-08-15 09:07:45'),
	(161,119,3,'981','https://diginutltd.freeagent.com/estimates/689542',432.00,'Rejected: Client supplied incorrect requirements','2014-08-14 11:53:26','2014-08-27 08:31:37'),
	(162,115,4,'982','https://diginutltd.freeagent.com/estimates/689638',8496.00,'Splitting estimate into 3 parts. This estimate can be ignored','2014-08-14 13:20:24','2014-08-18 12:37:55'),
	(163,115,6,'1026','https://diginutltd.freeagent.com/invoices/9832188',4350.00,'50% of final cost (Deposit)','2014-08-18 12:45:23','2014-08-18 12:45:42'),
	(164,113,4,'984','https://diginutltd.freeagent.com/estimates/693606',1728.00,NULL,'2014-08-18 13:07:56','2014-08-21 09:48:53'),
	(165,117,2,'979','https://diginutltd.freeagent.com/estimates/687527',6150.00,NULL,'2014-08-18 13:57:24','2014-08-18 14:29:10'),
	(166,120,3,'950','https://diginutltd.freeagent.com/estimates/654580',19350.00,'Rejected as the project requirements have changed. New Estimate created.','2014-08-20 10:34:52','2014-08-20 10:34:52'),
	(167,120,3,'986','https://diginutltd.freeagent.com/estimates/695434',22350.00,NULL,'2014-08-20 10:59:38','2014-08-20 11:22:15'),
	(168,121,3,'987','https://diginutltd.freeagent.com/estimates/695456',1620.00,NULL,'2014-08-20 11:07:48','2014-08-20 11:07:48'),
	(169,80,6,'1037','https://diginutltd.freeagent.com/invoices/9847320',288.00,NULL,'2014-08-21 09:54:11','2014-08-21 09:54:11'),
	(170,67,6,'1038','https://diginutltd.freeagent.com/invoices/9847332',396.00,NULL,'2014-08-21 09:55:53','2014-08-21 09:55:53'),
	(171,122,4,'988','https://diginutltd.freeagent.com/estimates/696766',22080.00,NULL,'2014-08-22 14:02:45','2014-08-22 14:02:45'),
	(172,123,4,'989','https://diginutltd.freeagent.com/estimates/696771',17250.00,NULL,'2014-08-22 14:05:05','2014-08-22 14:05:05'),
	(173,124,3,'991','https://diginutltd.freeagent.com/estimates/699963',3888.00,'2760','2014-08-26 12:19:09','2014-09-30 15:03:25'),
	(174,119,1,'992','https://diginutltd.freeagent.com/estimates/700603',900.00,NULL,'2014-08-27 08:27:28','2014-08-27 08:27:28'),
	(175,125,4,'994','https://diginutltd.freeagent.com/estimates/701671',684.00,NULL,'2014-08-28 10:09:38','2014-09-19 15:28:19'),
	(176,126,2,'993','https://diginutltd.freeagent.com/estimates/701662',360.00,NULL,'2014-08-28 13:16:54','2014-09-01 08:19:28'),
	(177,127,4,'995','https://diginutltd.freeagent.com/estimates/702916',504.00,NULL,'2014-08-29 16:42:58','2014-09-03 11:21:04'),
	(178,129,2,'999','https://diginutltd.freeagent.com/estimates/705464',48.00,NULL,'2014-09-01 16:13:56','2014-09-01 16:13:56'),
	(180,135,4,'1000','https://diginutltd.freeagent.com/estimates/707370',1224.00,NULL,'2014-09-03 16:08:26','2014-09-16 09:33:22'),
	(181,136,3,'1001','https://diginutltd.freeagent.com/estimates/708385',660.00,'Rejected by client, see notes.','2014-09-08 10:31:08','2014-09-08 10:31:08'),
	(182,136,3,'1003','http://diginutltd.freeagent.com/estimates/711606',330.00,NULL,'2014-09-08 10:32:30','2014-09-08 10:32:30'),
	(183,138,1,'1004','https://diginutltd.freeagent.com/estimates/711681',690.00,'Rejected as entire page now needs to be rebuilt. Oakley have changed their websites to now be fully responsive.','2014-09-08 11:18:37','2014-10-15 14:52:49'),
	(184,139,3,'1006','https://diginutltd.freeagent.com/estimates/712797',1038.00,NULL,'2014-09-09 12:06:03','2014-09-09 12:07:49'),
	(185,140,4,'1007','https://diginutltd.freeagent.com/estimates/712811',468.00,NULL,'2014-09-09 12:37:07','2014-09-09 14:37:42'),
	(186,141,3,'1008','https://diginutltd.freeagent.com/estimates/715299',651.60,NULL,'2014-09-11 14:09:20','2014-09-11 14:09:20'),
	(187,142,2,'1010','https://diginutltd.freeagent.com/estimates/715961',7488.00,NULL,'2014-09-12 10:07:46','2014-09-16 12:42:52'),
	(188,143,1,'1011','https://diginutltd.freeagent.com/estimates/716055',7560.00,NULL,'2014-09-12 10:15:49','2014-09-16 12:45:05'),
	(189,145,3,'1012','https://diginutltd.freeagent.com/estimates/720151',1728.00,NULL,'2014-09-16 12:58:06','2014-09-25 10:37:40'),
	(190,148,3,'1015','https://diginutltd.freeagent.com/estimates/727462',1872.00,NULL,'2014-09-23 09:47:45','2014-09-23 09:47:45'),
	(191,147,3,'1007','https://diginutltd.freeagent.com/estimates/712811',468.00,NULL,'2014-09-23 09:53:19','2014-09-23 10:10:40'),
	(192,149,3,'1016','https://diginutltd.freeagent.com/estimates/729920',432.00,NULL,'2014-09-25 09:39:38','2014-09-25 10:22:52'),
	(193,151,3,'1017','https://diginutltd.freeagent.com/estimates/730044',288.00,NULL,'2014-09-25 10:49:03','2014-09-25 10:49:03'),
	(194,150,3,'1018','https://diginutltd.freeagent.com/estimates/730059',324.00,NULL,'2014-09-25 10:54:58','2014-09-25 10:54:58'),
	(195,152,2,'1019','https://diginutltd.freeagent.com/estimates/730065',324.00,NULL,'2014-09-25 10:56:52','2014-09-25 10:56:52'),
	(196,153,3,'1020','https://diginutltd.freeagent.com/estimates/730070',180.00,NULL,'2014-09-25 11:00:44','2014-09-25 11:00:44'),
	(197,154,3,'1021','https://diginutltd.freeagent.com/estimates/730094',252.00,NULL,'2014-09-25 11:10:52','2014-10-21 14:30:21'),
	(198,155,3,'1022','https://diginutltd.freeagent.com/estimates/730098',324.00,NULL,'2014-09-25 11:12:55','2014-09-25 11:12:55'),
	(199,156,3,'1023','https://diginutltd.freeagent.com/estimates/730101',324.00,NULL,'2014-09-25 11:14:43','2014-09-25 11:14:43'),
	(200,158,3,'1025','https://diginutltd.freeagent.com/estimates/734229',324.00,NULL,'2014-09-29 12:51:24','2014-09-29 12:51:24'),
	(201,157,1,'1024','https://diginutltd.freeagent.com/estimates/734227',252.00,NULL,'2014-09-29 12:52:17','2014-09-29 15:20:07'),
	(202,159,1,'1026','https://diginutltd.freeagent.com/estimates/734349',324.00,NULL,'2014-09-29 14:02:03','2014-09-29 14:02:03'),
	(203,160,3,'1027','https://diginutltd.freeagent.com/estimates/736253',288.00,NULL,'2014-10-01 09:22:54','2014-10-01 09:22:54'),
	(204,161,3,'1028','https://diginutltd.freeagent.com/estimates/736285',612.00,NULL,'2014-10-01 09:36:53','2014-10-09 14:06:51'),
	(205,162,3,'1029','https://diginutltd.freeagent.com/estimates/736338',270.00,NULL,'2014-10-01 09:59:18','2014-10-01 09:59:18'),
	(206,145,6,'1057','https://diginutltd.freeagent.com/invoices/10254924',1728.00,NULL,'2014-10-03 09:18:10','2014-10-03 09:18:10'),
	(207,142,6,'1058','https://diginutltd.freeagent.com/invoices/10254962',7488.00,NULL,'2014-10-03 09:21:20','2014-10-03 09:21:20'),
	(208,143,6,'1059','https://diginutltd.freeagent.com/invoices/10254999',7560.00,NULL,'2014-10-03 09:23:39','2014-10-03 09:23:39'),
	(209,135,6,'1060','https://diginutltd.freeagent.com/invoices/10255046',1575.00,NULL,'2014-10-03 09:26:24','2014-10-03 09:26:24'),
	(210,164,3,'1031','https://diginutltd.freeagent.com/estimates/742952',342.00,NULL,'2014-10-07 12:56:08','2014-10-07 12:56:21'),
	(211,163,3,'1030','https://diginutltd.freeagent.com/estimates/742786',468.00,NULL,'2014-10-07 16:02:56','2014-10-10 10:11:21'),
	(212,165,1,'1032','https://diginutltd.freeagent.com/estimates/743544',306.00,NULL,'2014-10-07 19:16:22','2014-10-07 19:16:22'),
	(213,166,2,'1033','https://diginutltd.freeagent.com/estimates/747180',504.00,NULL,'2014-10-10 16:23:48','2014-10-10 16:23:48'),
	(214,168,2,'1035','https://diginutltd.freeagent.com/estimates/750988',2320.00,'Various updates','2014-10-14 16:29:11','2014-11-26 14:41:15'),
	(215,169,3,'1036','https://diginutltd.freeagent.com/estimates/751900',648.00,NULL,'2014-10-15 12:45:27','2014-10-15 12:45:27'),
	(216,138,3,'1037','https://diginutltd.freeagent.com/estimates/752286',1800.00,NULL,'2014-10-15 14:53:04','2014-10-15 14:53:04'),
	(217,170,3,'1038','https://diginutltd.freeagent.com/estimates/752317',360.00,NULL,'2014-10-15 15:09:30','2014-10-15 15:09:30'),
	(218,171,2,'1039','https://diginutltd.freeagent.com/estimates/752394',216.00,NULL,'2014-10-15 15:52:09','2014-10-15 15:52:09'),
	(219,172,3,'1040','https://diginutltd.freeagent.com/estimates/754041',12000.00,NULL,'2014-10-17 11:18:17','2014-10-17 11:18:17'),
	(220,173,3,'1041','https://diginutltd.freeagent.com/estimates/754065',7250.00,'Also offered the client a 15% discount.','2014-10-17 11:20:01','2014-10-17 11:20:01'),
	(221,174,3,'1014','https://diginutltd.freeagent.com/estimates/722063',18750.00,NULL,'2014-10-17 11:22:15','2014-10-17 11:22:15'),
	(222,175,3,'1043','https://diginutltd.freeagent.com/estimates/756984',8070.00,'Option 1: Build our own code','2014-10-20 10:43:06','2014-10-20 12:09:31'),
	(224,176,3,'1045','https://diginutltd.freeagent.com/estimates/757795',4320.00,NULL,'2014-10-20 16:06:26','2014-10-20 16:06:26'),
	(225,177,3,'1046','https://diginutltd.freeagent.com/estimates/758978',216.00,NULL,'2014-10-21 14:22:35','2014-10-21 14:22:35'),
	(227,178,3,'1047','https://diginutltd.freeagent.com/estimates/759131',216.00,NULL,'2014-10-21 15:22:31','2014-10-21 15:22:31'),
	(228,179,3,'1048','https://diginutltd.freeagent.com/estimates/760246',1080.00,NULL,'2014-10-22 16:07:12','2014-10-22 16:07:12'),
	(229,180,3,'1049','https://diginutltd.freeagent.com/estimates/760865',10850.00,NULL,'2014-10-23 13:01:53','2014-10-23 13:01:53'),
	(230,181,3,'1051','https://diginutltd.freeagent.com/estimates/768393',504.00,NULL,'2014-10-30 14:49:19','2014-10-30 14:49:19'),
	(231,167,1,'1034','https://diginutltd.freeagent.com/estimates/749676',936.00,NULL,'2014-11-04 12:03:47','2014-11-04 12:03:47'),
	(232,183,1,'1052','https://diginutltd.freeagent.com/estimates/772971',702.00,NULL,'2014-11-04 12:11:32','2014-11-11 13:41:15'),
	(233,184,1,'1053','https://diginutltd.freeagent.com/estimates/773011',450.00,NULL,'2014-11-04 12:35:50','2014-11-04 12:35:50'),
	(234,185,3,'1055','https://diginutltd.freeagent.com/estimates/776023',504.00,NULL,'2014-11-06 18:34:05','2014-11-06 18:34:05'),
	(235,186,1,'1060','https://diginutltd.freeagent.com/estimates/779940',504.00,NULL,'2014-11-10 16:41:46','2014-11-10 16:41:46'),
	(236,187,1,'1061','https://diginutltd.freeagent.com/estimates/779955',1110.00,NULL,'2014-11-10 16:57:05','2014-11-10 16:57:05'),
	(237,188,3,'1067','https://diginutltd.freeagent.com/estimates/783250',900.00,NULL,'2014-11-13 15:50:34','2014-11-13 15:50:34'),
	(238,189,1,'1068','https://diginutltd.freeagent.com/estimates/783266',180.00,NULL,'2014-11-13 15:58:37','2014-11-13 15:58:37'),
	(239,190,1,'1069','https://diginutltd.freeagent.com/estimates/783283',180.00,NULL,'2014-11-13 16:08:36','2014-11-13 16:08:36'),
	(240,191,3,'1070','https://diginutltd.freeagent.com/estimates/783290',252.00,NULL,'2014-11-13 16:09:32','2014-11-14 12:49:41'),
	(241,192,3,'1071','https://diginutltd.freeagent.com/estimates/783296',576.00,NULL,'2014-11-13 16:13:03','2014-12-16 16:06:30'),
	(242,193,3,'1072','https://diginutltd.freeagent.com/estimates/783316',368.00,NULL,'2014-11-13 16:22:45','2014-11-13 16:22:45'),
	(243,194,3,'1073','https://diginutltd.freeagent.com/estimates/783320',252.00,NULL,'2014-11-13 16:27:55','2015-01-06 11:46:17'),
	(244,195,3,'1074','https://diginutltd.freeagent.com/estimates/788242',1749.50,NULL,'2014-11-18 12:25:32','2014-12-04 13:00:20'),
	(245,197,2,'1080','https://diginutltd.freeagent.com/estimates/796800',10944.00,NULL,'2014-11-26 14:34:50','2014-11-26 14:34:50'),
	(246,168,1,'1079','https://diginutltd.freeagent.com/estimates/791001',2287.50,'Site optimisation','2014-11-26 14:43:10','2014-11-26 14:43:10'),
	(247,168,1,'1081','https://diginutltd.freeagent.com/estimates/796903',2625.00,'Build of blog','2014-11-26 15:03:51','2014-11-26 15:13:39'),
	(248,168,1,'1082','https://diginutltd.freeagent.com/estimates/796993',2475.00,'Home, search, carselector page amends','2014-11-26 15:25:04','2014-11-26 15:25:04'),
	(249,175,4,'1044','https://diginutltd.freeagent.com/estimates/757179',6660.00,'Optiom 2: refactor existing code.','2014-12-01 15:53:13','2014-12-01 15:54:21'),
	(250,138,6,'1103','https://diginutltd.freeagent.com/invoices/10563288',1800.00,NULL,'2014-12-02 22:10:18','2014-12-02 22:10:18'),
	(251,27,6,'1122','https://diginutltd.freeagent.com/invoices/10837216',10994.00,NULL,'2014-12-02 22:45:17','2014-12-02 22:45:17'),
	(252,27,6,'1120','https://diginutltd.freeagent.com/invoices/10837107',2304.00,NULL,'2014-12-02 22:45:44','2014-12-02 22:45:44'),
	(253,198,3,'1088','- ',1200.00,NULL,'2014-12-03 14:21:56','2014-12-03 14:21:56'),
	(254,199,1,'1090','https://diginutltd.freeagent.com/estimates/805918',206.26,NULL,'2014-12-04 15:40:28','2014-12-04 15:40:28'),
	(255,200,3,'1095','https://diginutltd.freeagent.com/estimates/814339',2475.00,NULL,'2014-12-12 19:45:41','2014-12-12 19:45:41'),
	(256,201,3,'1094','https://diginutltd.freeagent.com/estimates/810705',5500.00,NULL,'2014-12-12 19:47:08','2014-12-12 19:47:08'),
	(257,202,3,'1092','https://diginutltd.freeagent.com/estimates/806511',875.00,NULL,'2014-12-12 19:49:21','2014-12-12 19:49:21'),
	(258,203,3,'1091','https://diginutltd.freeagent.com/estimates/806475',437.50,NULL,'2014-12-12 19:51:03','2014-12-12 19:51:03'),
	(259,204,3,'1078','https://diginutltd.freeagent.com/estimates/790308',12300.00,NULL,'2014-12-12 19:53:34','2014-12-12 19:53:34'),
	(260,205,3,'1096','https://diginutltd.freeagent.com/estimates/817049',1500.00,NULL,'2014-12-15 18:47:43','2014-12-15 18:47:43'),
	(261,206,3,'1097','https://diginutltd.freeagent.com/estimates/817051',156.25,NULL,'2014-12-15 18:48:54','2014-12-15 18:48:54'),
	(262,207,3,'1076','https://diginutltd.freeagent.com/estimates/788991',21500.00,NULL,'2014-12-15 18:53:33','2014-12-15 18:53:33'),
	(263,209,3,'1099','https://diginutltd.freeagent.com/estimates/822162',900.00,NULL,'2014-12-22 14:22:49','2014-12-22 14:22:49'),
	(264,208,4,'1100','https://diginutltd.freeagent.com/estimates/822209',712.50,NULL,'2015-01-02 11:50:26','2015-01-02 11:50:26'),
	(265,210,1,'1101','https://diginutltd.freeagent.com/estimates/822538',1275.00,NULL,'2015-01-05 12:01:11','2015-01-05 12:01:11'),
	(266,168,1,'1102','https://diginutltd.freeagent.com/estimates/828901',750.00,NULL,'2015-01-06 13:18:27','2015-01-06 13:18:27');

/*!40000 ALTER TABLE `costings` ENABLE KEYS */;
UNLOCK TABLES;


# Dump of table migrations
# ------------------------------------------------------------

DROP TABLE IF EXISTS `migrations`;

CREATE TABLE `migrations` (
  `migration` varchar(255) COLLATE utf8_unicode_ci NOT NULL,
  `batch` int(11) NOT NULL
) ENGINE=InnoDB DEFAULT CHARSET=utf8 COLLATE=utf8_unicode_ci;

LOCK TABLES `migrations` WRITE;
/*!40000 ALTER TABLE `migrations` DISABLE KEYS */;

INSERT INTO `migrations` (`migration`, `batch`)
VALUES
	('2014_02_25_190634_create_tasks_table',1),
	('2014_02_26_152948_create_users_table',1),
	('2014_03_01_132858_create_projects_table',1),
	('2014_03_31_155822_create_clients_table',1),
	('2014_03_31_160035_create_contacts_table',1),
	('2014_04_07_113214_create_projectphases_table',1),
	('2014_04_29_163208_create_paymentphases_table',1),
	('2014_02_25_190634_create_tasks_table',1),
	('2014_02_26_152948_create_users_table',1),
	('2014_03_01_132858_create_projects_table',1),
	('2014_03_31_155822_create_clients_table',1),
	('2014_03_31_160035_create_contacts_table',1),
	('2014_04_07_113214_create_projectphases_table',1);

/*!40000 ALTER TABLE `migrations` ENABLE KEYS */;
UNLOCK TABLES;


# Dump of table paymentphases
# ------------------------------------------------------------

DROP TABLE IF EXISTS `paymentphases`;

CREATE TABLE `paymentphases` (
  `id` int(10) unsigned NOT NULL AUTO_INCREMENT,
  `name` varchar(255) COLLATE utf8_unicode_ci NOT NULL,
  `created_at` timestamp NOT NULL DEFAULT '0000-00-00 00:00:00',
  `updated_at` timestamp NOT NULL DEFAULT '0000-00-00 00:00:00',
  PRIMARY KEY (`id`)
) ENGINE=InnoDB DEFAULT CHARSET=utf8 COLLATE=utf8_unicode_ci;

LOCK TABLES `paymentphases` WRITE;
/*!40000 ALTER TABLE `paymentphases` DISABLE KEYS */;

INSERT INTO `paymentphases` (`id`, `name`, `created_at`, `updated_at`)
VALUES
	(1,'Create Estimate','0000-00-00 00:00:00','0000-00-00 00:00:00'),
	(2,'Estimate Created','0000-00-00 00:00:00','0000-00-00 00:00:00'),
	(3,'Estimate Sent','0000-00-00 00:00:00','0000-00-00 00:00:00'),
	(4,'Estimate Signed Off','0000-00-00 00:00:00','0000-00-00 00:00:00'),
	(5,'Invoice Created','0000-00-00 00:00:00','0000-00-00 00:00:00'),
	(6,'Invoice Sent','0000-00-00 00:00:00','0000-00-00 00:00:00'),
	(7,'Invoice Paid','0000-00-00 00:00:00','0000-00-00 00:00:00');

/*!40000 ALTER TABLE `paymentphases` ENABLE KEYS */;
UNLOCK TABLES;


# Dump of table projectnotes
# ------------------------------------------------------------

DROP TABLE IF EXISTS `projectnotes`;

CREATE TABLE `projectnotes` (
  `id` int(10) unsigned NOT NULL AUTO_INCREMENT,
  `project_id` int(11) NOT NULL,
  `user_id` int(11) NOT NULL,
  `note` longtext COLLATE utf8_unicode_ci,
  `created_at` timestamp NOT NULL DEFAULT '0000-00-00 00:00:00',
  `updated_at` timestamp NOT NULL DEFAULT '0000-00-00 00:00:00',
  PRIMARY KEY (`id`)
) ENGINE=InnoDB DEFAULT CHARSET=utf8 COLLATE=utf8_unicode_ci;

LOCK TABLES `projectnotes` WRITE;
/*!40000 ALTER TABLE `projectnotes` DISABLE KEYS */;

INSERT INTO `projectnotes` (`id`, `project_id`, `user_id`, `note`, `created_at`, `updated_at`)
VALUES
	(12,8,1,'Dinner Set Time Line:<br><br>Design: 4 days<br>- User Account<br>- Recipe list<br>- Team Landing<br>- Team / blogger profile<br>- Search results listing<br><br>Front end Templates: 20 days<br>- Home<br>- Join<br>- Get Started<br>- Blog Landing<br>- Blog Individual<br>- Create Event<br>- Create Event Success<br>- Plan It<br>- Recipe Landing<br>- Recipe list<br>- Recipe Individual<br>- View Event<br>- User Account<br>- Team Landing<br>- Team / blogger profile<br><br>Backend: 20 days<br>- Build recipe plugin<br>- Integrate templates<br>- Populate content<br><br>General: 1 day<br>- Set up stage environment<br>- Install / configure CMS<br>- Set up live environment<br>- Install / configure CMS<br>- Migrate data / files','2014-06-10 14:07:41','2014-06-10 14:07:41'),
	(13,15,1,'Previous estimate (912: https://diginutltd.freeagent.com/estimates/579083) updated, client required the holding page to be an actual CMS home page, updated estimate accordingly.','2014-06-10 14:08:07','2014-06-10 14:08:07'),
	(14,27,1,'We have added the interim fixes to the current site (new contact page and links) and we are in the process of putting together <br>the front end work at the same time as looking at how we will go about building the multi-language content structure in the back end.','2014-06-10 14:08:47','2014-06-10 14:08:47'),
	(15,27,1,'List of work<br>-----------------------<br>Header updates<br>- The logo and header are to be shrunk, effectively always showing the ‘compact view’<br>- Remove region & language options (these will be integrated into the main page)<br>- Cosmetic changes to the header and addition of ‘Contact Us’ to the main menu<br><br>Home page<br>- Addition of region filter. Content will filter based on the option selected. Default to ‘Global’ or All<br>- Addition of language option<br>- Redesign of above the fold content to show 6 tiles<br>	> Hero tile<br>	> Contact tile (this will change depending on region selected)<br>	> 4 additional content tiles<br>- Tag to be displayed on tiles (only 1 even if there are more per content item)<br><br>Contact Page<br>- New page to be built which will include<br>	> Office address<br>	> Map<br>	> Enquiry form<br>	> email address<br>	> Social media links (these are global, not per region)<br>- Each region has it’s own contact page, uses the same template<br><br>Case study / Detail Page<br>- Remove bread crumb, add tags instead.<br><br>Mobile view:<br>- Cosmetic amends to header<br>- Amends to design to include changed region / language filter / option<br>- Tags are not displayed on the content tiles<br><br>Back end<br>- Ability to be able to chose which content items feature in the top content block. This would be the hero image and then four further content items. Ideally they would like to be able to order them with the 1st item being the hero image / block.<br>- Addition of Alt tags to all images<br>','2014-06-10 14:08:59','2014-06-10 14:08:59'),
	(16,30,1,'We have been sent the remaining 5 designs for build and work flowing.','2014-06-10 14:09:50','2014-06-10 14:09:50'),
	(17,45,1,'Main reasons we didn\'t win the work (full letter from Medway is also in the Tenders Dropbox folder):<br><br>\"As such it will be useful for me to offer feedback in the respect of these two areas. In regards to Quality, the panel felt that you offered strong responses in a number of areas, however they felt there was lack of creative showcasing with regard to the wireframes and mock-ups for the Recreate sample site. We also felt that your timetable for creation of the site was too long to allow the site to deliver its outcomes before the project would come to an end. \"','2014-06-10 14:10:11','2014-06-10 14:10:11'),
	(18,31,1,'We didn\'t win the project (as suspected) but we were highly commended and the panel were very impressed with our pitch document. Reason stated for not winning was lack of experience in building cultural applications (also as suspected). Good learning curve as the document structure clearly works well.','2014-06-10 14:10:19','2014-06-10 14:10:19'),
	(19,56,1,'Training was approx. 1h 20min with 1hr 30m travelling time.','2014-06-10 14:12:12','2014-06-10 14:12:12'),
	(20,61,1,'Decision is with the board and they\'ll respond soon with next steps. Looking to have it completed by end of August.','2014-06-10 14:12:34','2014-06-10 14:12:34'),
	(22,68,1,'We are taking the existing 3 car email that is in NMS and creating 2 duplicates of this.<br>- One will contain the PCP table (015930)<br>- One will contain the PCP table with the additional column and the Nissan duke financing info (016375)','2014-06-11 08:57:50','2014-06-11 08:57:50'),
	(23,66,3,'Test','2014-06-17 09:39:45','2014-06-17 09:39:45'),
	(24,66,3,'Client response: \"The main thing was that other proposals demonstrated more unique ideas which fitted better with the feel of the show.\"','2014-06-17 09:40:16','2014-06-17 09:40:16'),
	(25,83,3,'Client declined for a cheaper option.','2014-07-08 10:19:23','2014-07-08 10:19:23'),
	(26,89,1,'Banner ads not required, client had taken care of them themselves.','2014-07-15 14:22:34','2014-07-15 14:22:34'),
	(27,60,3,'No confirmation that this one is going ahead despite chasing client so removing it from pipeline for now.','2014-07-18 16:45:11','2014-07-18 16:45:11'),
	(28,36,3,'No confirmation that this one is going ahead despite chasing client so removing it from pipeline for now.','2014-07-18 16:45:33','2014-07-18 16:45:33'),
	(29,38,3,'Unlikely to happen now.','2014-07-18 17:27:33','2014-07-18 17:27:33'),
	(30,63,3,'Unlikely to happen now.','2014-07-18 17:27:56','2014-07-18 17:27:56'),
	(31,97,3,'Followed up with Kiran on 18/7/14.','2014-07-21 16:23:49','2014-07-21 16:23:49'),
	(32,98,3,'Followed up on 15/7/14 - will follow up again on 23/7/14.','2014-07-21 16:25:04','2014-07-21 16:25:04'),
	(33,100,1,'Client refused to pay for addition of gallery work as they claimed it should have been part of the initial duplication (from the original site) and build of the new site. Work carried out gratis on the understanding that further changes are chargeable.','2014-07-25 08:51:45','2014-07-25 08:51:45'),
	(34,101,3,'Costs too high but will be getting future work from them.','2014-07-25 11:24:00','2014-07-25 11:24:00'),
	(35,102,3,'Costs too high.','2014-07-25 11:24:17','2014-07-25 11:24:17'),
	(36,97,1,'Client rejected initial quote as cost was a major factor for their build. Estimate revised and has now been accepted.','2014-07-30 13:11:57','2014-07-30 13:11:57'),
	(37,84,1,'On hold until the client decides if they want to go ahead with this or not.','2014-07-30 13:27:01','2014-07-30 13:27:01'),
	(38,105,1,'Rejected as the time to build and workflow was far to short for us to get this done in trim (i.e. 8 hours)','2014-07-31 11:07:20','2014-07-31 11:07:20'),
	(39,73,1,'X-Trail and Navara PSDs sent through. 2 of 7 PSDs in total.','2014-08-05 14:47:50','2014-08-05 14:47:50'),
	(40,107,1,'Client has asked us to provide a loose design for this.','2014-08-05 14:48:24','2014-08-05 14:48:24'),
	(41,113,1,'Same as P3-14 Sales Newsletter Email, although I can\'t find this template in dropbox so am waiting on the client to provide the old PDF to quote.','2014-08-06 12:44:42','2014-08-06 12:44:42'),
	(42,114,1,'There will be additional clickable skins and cascades but these will be estimated for separately.','2014-08-07 10:10:46','2014-08-07 10:10:46'),
	(43,110,1,'End client decided to put project on hold. Reply from Milan based Sudler CFO below:<br><br>--------<br><br>Just off a call with the Client.<br>They’ve had internal discussions and they have decided, also in relation to their very little familiarity with the Veeva platform still being at an implementation phase, to put on hold the programming and delivery of the Symbicort e-detailing. They decided not to use it for their cycle meeting.<br>I apologize for the time that you have dedicated to this and very much appreciate your professional approach.<br>I kindly ask Yannick to keep in touch with you in view of involving you on other projects. We are current expanding the list of preferred vendors in the digital area, particularly for international clients  and would very much like to put in place an MSa with you.<br> <br>Thanks again and we’ll get in touch shortly.<br>Lia','2014-08-11 13:04:13','2014-08-11 13:04:13'),
	(44,114,1,'Clickable skin and mega banner cascade all included in the one estimate now.','2014-08-11 15:03:16','2014-08-11 15:03:16'),
	(45,112,1,'Rejected as the end client decided not to go ahead with it.','2014-08-14 12:01:09','2014-08-14 12:01:09'),
	(46,115,1,'Client has asked to invoice 50%, 25% and 25%. <br>#982 is the original estimate and the following 3 are the split.','2014-08-18 12:37:47','2014-08-18 12:37:47'),
	(47,82,1,'End Client finally sorted out DB. Site now live.','2014-08-19 15:56:43','2014-08-19 15:56:43'),
	(48,120,1,'Estimate #950 Rejected as the project requirements have changed. New Estimate created.','2014-08-20 10:35:07','2014-08-20 10:35:07'),
	(49,116,1,'Unsure if this is going ahead. Email a list of questions back to Sinead on 14.08.14 and followed up with an email on 18.08.14. Not heard back as yet.','2014-08-21 10:04:02','2014-08-21 10:04:02'),
	(50,114,1,'Original estimate rejected as StartJG contracted in a developer. However, we have been asked to amend the banners as the developer is no longer available having started the work so we will invoice on a pro-rata\'d basis.','2014-08-22 09:50:38','2014-08-22 09:50:38'),
	(51,119,1,'Estimate #981 Rejected: Client supplied incorrect requirements','2014-08-27 08:32:06','2014-08-27 08:32:06'),
	(52,121,1,'Project Rejected: Trade emails are being broken down into individual projects and so costed separately.','2014-08-28 10:11:31','2014-08-28 10:11:31'),
	(53,107,1,'Project rejected as campaign is now to far in to justify the cost of carrying out the work.','2014-09-02 10:03:50','2014-09-02 10:03:50'),
	(54,114,1,'Working on pro-rata basis and charging by the hour as partial banner work already carried out by another flash designer / developer.','2014-09-02 10:54:36','2014-09-02 10:54:36'),
	(57,116,1,'Client has decided to use their internal dev team to build the project.','2014-09-04 14:50:00','2014-09-04 14:50:00'),
	(58,114,1,'Client has asked us to work on the next set of banners, HPTO and cascade for this project. Will group all estimates in this project rather than creating a new project for each.','2014-09-05 13:58:59','2014-09-05 13:58:59'),
	(59,136,1,'Initial estimate based on simons requirements rejected, too much to pay for according to the client so they have opted for only the one new events page on the lima floral site.','2014-09-08 10:26:28','2014-09-08 10:26:28'),
	(60,136,1,'Initial estimate based on simons requirements rejected, too much to pay for according to the client so they have opted for only the one new events page on the lima floral site.','2014-09-08 10:26:35','2014-09-08 10:26:35'),
	(61,148,1,'Job was requested at the last minute by Cunard and subsequently scrapped.','2014-09-23 10:15:44','2014-09-23 10:15:44'),
	(62,32,3,'Moving to \'On hold\' since we haven\'t heard anything in a while.','2014-10-06 09:17:05','2014-10-06 09:17:05'),
	(63,44,3,'Moving to \'On hold\' since we haven\'t heard anything in a while.','2014-10-06 09:17:26','2014-10-06 09:17:26'),
	(64,33,3,'Moving to \'On hold\' since we haven\'t heard anything in a while.','2014-10-06 09:17:36','2014-10-06 09:17:36'),
	(65,26,3,'Moving to \'Rejected\' since we haven\'t heard anything in a while.','2014-10-06 09:18:02','2014-10-06 09:18:02'),
	(66,26,3,'Moving to \'Rejected\' since we haven\'t heard anything in a while.','2014-10-06 09:18:08','2014-10-06 09:18:08'),
	(67,9,3,'Awaiting end client response to go live.','2014-10-06 09:34:50','2014-10-06 09:34:50'),
	(68,169,1,'Estimate based on an email from Olga dated 15.10.14. Likely to change when we receive the design.','2014-10-15 12:46:14','2014-10-15 12:46:14'),
	(69,186,1,'Rejected as client decided not to go ahead with the job.','2014-11-12 15:58:09','2014-11-12 15:58:09'),
	(70,111,1,'Rejected: Work carried out as larger piece of work on another estimate.','2014-12-01 12:50:23','2014-12-01 12:50:23'),
	(71,198,1,'Rejected as client decided to use another agency who specialise in HTML5 banner builds','2014-12-04 15:41:08','2014-12-04 15:41:08'),
	(72,197,1,'Rejected as client decided to use another agency who specialise in HTML5 banner builds','2014-12-04 15:41:21','2014-12-04 15:41:21'),
	(73,197,1,'Rejected as client decided to use another agency who specialise in HTML5 banner builds','2014-12-04 15:41:30','2014-12-04 15:41:30'),
	(74,201,3,'Would also charge £3,000 for CMS set up, though we might waive this to get the first country on board.','2014-12-12 19:47:46','2014-12-12 19:47:46'),
	(75,180,3,'No word on this for a long time so closing off for now.','2014-12-18 10:21:10','2014-12-18 10:21:10'),
	(76,22,3,'Superseded by other estimates. ','2014-12-18 10:21:56','2014-12-18 10:21:56'),
	(77,22,3,'Superseded by other estimates. ','2014-12-18 10:22:04','2014-12-18 10:22:04'),
	(78,20,3,'Superseded by other estimates.','2014-12-18 10:22:35','2014-12-18 10:22:35');

/*!40000 ALTER TABLE `projectnotes` ENABLE KEYS */;
UNLOCK TABLES;


# Dump of table projectphases
# ------------------------------------------------------------

DROP TABLE IF EXISTS `projectphases`;

CREATE TABLE `projectphases` (
  `id` int(10) unsigned NOT NULL AUTO_INCREMENT,
  `name` varchar(255) COLLATE utf8_unicode_ci NOT NULL,
  `created_at` timestamp NOT NULL DEFAULT '0000-00-00 00:00:00',
  `updated_at` timestamp NOT NULL DEFAULT '0000-00-00 00:00:00',
  PRIMARY KEY (`id`)
) ENGINE=InnoDB DEFAULT CHARSET=utf8 COLLATE=utf8_unicode_ci;

LOCK TABLES `projectphases` WRITE;
/*!40000 ALTER TABLE `projectphases` DISABLE KEYS */;

INSERT INTO `projectphases` (`id`, `name`, `created_at`, `updated_at`)
VALUES
	(1,'Pipeline','0000-00-00 00:00:00','0000-00-00 00:00:00'),
	(2,'Estimate','0000-00-00 00:00:00','0000-00-00 00:00:00'),
	(3,'Scope','0000-00-00 00:00:00','0000-00-00 00:00:00'),
	(4,'Design','0000-00-00 00:00:00','0000-00-00 00:00:00'),
	(5,'Build','0000-00-00 00:00:00','0000-00-00 00:00:00'),
	(6,'UAT','0000-00-00 00:00:00','0000-00-00 00:00:00'),
	(7,'Support','0000-00-00 00:00:00','0000-00-00 00:00:00'),
	(8,'Complete','0000-00-00 00:00:00','0000-00-00 00:00:00'),
	(9,'On Hold','0000-00-00 00:00:00','0000-00-00 00:00:00'),
	(10,'Rejected','0000-00-00 00:00:00','0000-00-00 00:00:00');

/*!40000 ALTER TABLE `projectphases` ENABLE KEYS */;
UNLOCK TABLES;


# Dump of table projects
# ------------------------------------------------------------

DROP TABLE IF EXISTS `projects`;

CREATE TABLE `projects` (
  `id` int(10) unsigned NOT NULL AUTO_INCREMENT,
  `client_id` int(11) NOT NULL,
  `contact_id` int(11) NOT NULL,
  `name` varchar(255) COLLATE utf8_unicode_ci NOT NULL,
  `start_date` date DEFAULT NULL,
  `due_date` date DEFAULT NULL,
  `golive_date` date DEFAULT NULL,
  `likelihood` int(11) DEFAULT NULL,
  `resource` varchar(255) COLLATE utf8_unicode_ci DEFAULT NULL,
  `projectphase_id` int(11) NOT NULL,
  `percentage_complete` int(11) NOT NULL DEFAULT '0',
  `estimate_number` varchar(255) COLLATE utf8_unicode_ci DEFAULT NULL,
  `estimate_link` varchar(255) COLLATE utf8_unicode_ci DEFAULT NULL,
  `invoice_number` varchar(255) COLLATE utf8_unicode_ci DEFAULT NULL,
  `invoice_link` varchar(255) COLLATE utf8_unicode_ci DEFAULT NULL,
  `paymentphase_id` int(11) NOT NULL DEFAULT '1',
  `value` decimal(9,2) DEFAULT NULL,
  `estimated_development_time` int(11) DEFAULT NULL,
  `actual_development_time` int(11) DEFAULT NULL,
  `completed_date` date DEFAULT NULL,
  `created_at` timestamp NOT NULL DEFAULT '0000-00-00 00:00:00',
  `updated_at` timestamp NOT NULL DEFAULT '0000-00-00 00:00:00',
  PRIMARY KEY (`id`)
) ENGINE=InnoDB DEFAULT CHARSET=utf8 COLLATE=utf8_unicode_ci;

LOCK TABLES `projects` WRITE;
/*!40000 ALTER TABLE `projects` DISABLE KEYS */;

INSERT INTO `projects` (`id`, `client_id`, `contact_id`, `name`, `start_date`, `due_date`, `golive_date`, `likelihood`, `resource`, `projectphase_id`, `percentage_complete`, `estimate_number`, `estimate_link`, `invoice_number`, `invoice_link`, `paymentphase_id`, `value`, `estimated_development_time`, `actual_development_time`, `completed_date`, `created_at`, `updated_at`)
VALUES
	(1,3,3,'Spring Check Email',NULL,NULL,NULL,NULL,'Simon (FE), Danny',8,100,'950','https://diginutltd.freeagent.com/projects/564563/invoices','950','https://diginutltd.freeagent.com/invoices/8595533',1,300.00,5,4,'2014-03-27','2014-04-10 10:44:40','2014-05-07 20:43:41'),
	(2,9,8,'March Newsletter',NULL,NULL,NULL,NULL,'Alex',8,0,'959','https://diginutltd.freeagent.com/invoices/8606567','959','https://diginutltd.freeagent.com/invoices/8606567',1,288.00,4,6,'2014-03-27','2014-04-10 10:55:11','2014-05-07 20:44:21'),
	(3,15,11,'Cue & Co CMS',NULL,NULL,NULL,NULL,NULL,8,100,'934','https://diginutltd.freeagent.com/invoices/8351403','934','https://diginutltd.freeagent.com/invoices/8351403',7,15500.00,NULL,NULL,'2014-03-21','2014-04-10 11:04:45','2014-05-29 02:07:17'),
	(4,5,7,'Coppafeel Post Launch Amends',NULL,NULL,NULL,NULL,'Alex (BE)',8,0,'946','https://diginutltd.freeagent.com/invoices/8542730','946','https://diginutltd.freeagent.com/invoices/8542730',7,777.60,12,8,'2014-03-24','2014-04-10 11:06:39','2014-06-06 04:22:32'),
	(5,3,4,'Nissan Trade Email April - x5',NULL,NULL,NULL,NULL,'Simon (BE), Danny',8,0,'880','https://diginutltd.freeagent.com/estimates/542398','951','https://diginutltd.freeagent.com/invoices/8595549',1,1740.00,29,29,'2014-03-31','2014-04-10 11:08:00','2014-05-07 20:46:42'),
	(7,7,12,'Ibiza Rocks',NULL,NULL,NULL,NULL,NULL,8,100,'811','https://diginutltd.freeagent.com/estimates/429175',NULL,NULL,1,22752.00,NULL,NULL,'2014-11-28','2014-04-10 11:11:01','2014-12-01 12:51:26'),
	(8,8,5,'Dinner Set',NULL,NULL,NULL,NULL,'Anh (Design), Pete (FE), Simon (BE)',8,100,'815','https://diginutltd.freeagent.com/estimates/432782',NULL,NULL,1,20736.00,NULL,NULL,'2014-10-09','2014-04-10 11:31:11','2014-10-31 12:51:08'),
	(9,14,15,'Centria',NULL,NULL,NULL,NULL,'Pete (FE), Simon (BE)',5,90,'851','https://diginutltd.freeagent.com/estimates/506997',NULL,NULL,1,8760.00,NULL,NULL,NULL,'2014-04-10 11:31:45','2014-10-06 09:34:54'),
	(10,3,4,'Nissan Trade Campaign (May to September) Emails x 3 - Brake pads & discs',NULL,'2014-04-23','2014-04-23',100,'Simon (BE), Danny',8,100,'881','https://diginutltd.freeagent.com/estimates/542407',NULL,NULL,1,379.99,2,2,'2014-04-28','2014-04-10 11:32:25','2014-06-24 11:29:31'),
	(11,3,4,'Nissan eNewsletter',NULL,NULL,NULL,NULL,'Simon (BE), Danny',8,95,'863','https://diginutltd.freeagent.com/estimates/527431','952','https://diginutltd.freeagent.com/invoices/8595593',1,480.00,3,10,'2014-04-28','2014-04-10 11:33:05','2014-05-20 20:07:06'),
	(12,12,10,'Causeway Finance Web App',NULL,NULL,NULL,NULL,'Pete (FE), Julian (BE)',7,100,'787','https://diginutltd.freeagent.com/estimates/400375',NULL,NULL,1,11088.00,NULL,NULL,NULL,'2014-04-10 11:35:00','2014-08-19 15:58:07'),
	(13,11,9,'Imbruvica iRep App',NULL,'2014-05-20',NULL,NULL,'Simon (BE), Pete (FE)',7,100,'850','https://diginutltd.freeagent.com/estimates/506635',NULL,NULL,1,20952.00,NULL,NULL,NULL,'2014-04-10 11:36:01','2014-10-06 09:34:14'),
	(14,6,1,'Samsung SSD',NULL,NULL,NULL,10,NULL,10,0,NULL,NULL,NULL,NULL,0,23148.00,NULL,NULL,NULL,'2014-04-10 11:38:28','2014-04-30 07:20:55'),
	(15,10,21,'Lima London Multiple Website Redevelopment',NULL,NULL,NULL,100,'Simon (BE)',8,100,'920','https://diginutltd.freeagent.com/estimates/595410',NULL,NULL,1,5472.00,44,NULL,NULL,'2014-04-10 11:53:27','2014-06-30 10:02:41'),
	(17,11,22,'Siltuximab - Castleman Disease','2014-04-30',NULL,NULL,100,'Simon',8,100,'876','https://diginutltd.freeagent.com/estimates/536500','998','https://diginutltd.freeagent.com/invoices/9112982',6,6048.00,NULL,NULL,'2014-07-18','2014-04-10 11:57:53','2014-07-25 08:48:05'),
	(18,11,22,'Siltuximab - Sylvant','2014-04-30',NULL,NULL,100,'Simon (BE)',8,100,'875','https://diginutltd.freeagent.com/estimates/536496','999','https://diginutltd.freeagent.com/invoices/9113037',6,6048.00,NULL,NULL,'2014-07-18','2014-04-10 11:58:09','2014-07-25 08:48:35'),
	(19,11,22,'Siltuximab 3',NULL,NULL,NULL,NULL,NULL,10,0,NULL,NULL,NULL,NULL,0,6912.00,NULL,NULL,NULL,'2014-04-10 11:58:34','2014-07-18 16:46:39'),
	(20,11,22,'Siltuximab EMEA Materials Development - Language Locale',NULL,NULL,NULL,NULL,NULL,10,0,NULL,NULL,NULL,NULL,0,3120.00,NULL,NULL,NULL,'2014-04-10 11:58:56','2014-12-18 10:22:41'),
	(22,11,22,'Imbruvica Veeva iRep iPad App - Language Locale',NULL,NULL,NULL,NULL,NULL,10,0,NULL,NULL,NULL,NULL,0,6720.00,NULL,NULL,NULL,'2014-04-10 11:59:55','2014-12-18 10:22:22'),
	(23,4,6,'Virgin Money Extramile YouTube',NULL,NULL,NULL,100,'Pete (FE), Julian (BE)',8,100,'888','https://diginutltd.freeagent.com/estimates/549127','969','https://diginutltd.freeagent.com/invoices/8853840',1,6336.00,40,NULL,'2014-05-16','2014-04-10 12:01:10','2014-05-07 20:48:16'),
	(24,1,23,'Sky Bundle App',NULL,NULL,NULL,50,NULL,9,0,NULL,NULL,NULL,NULL,1,29376.00,NULL,NULL,NULL,'2014-04-10 12:04:41','2014-05-29 22:09:40'),
	(25,12,10,'Hosting',NULL,NULL,NULL,50,NULL,1,0,NULL,NULL,NULL,NULL,0,1822.80,NULL,NULL,NULL,'2014-04-10 12:05:22','2014-04-10 12:05:22'),
	(26,13,14,'Wordpress Update',NULL,NULL,NULL,50,NULL,10,0,NULL,NULL,NULL,NULL,0,2484.00,NULL,NULL,NULL,'2014-04-10 12:06:12','2014-10-06 09:18:10'),
	(27,2,24,'Start JG Phase II Updates',NULL,NULL,NULL,75,NULL,7,100,'900','https://diginutltd.freeagent.com/estimates/562618',NULL,NULL,1,13298.00,174,NULL,NULL,'2014-04-10 12:06:45','2014-12-02 22:46:05'),
	(28,16,16,'Cavo Alkyoni Website',NULL,NULL,NULL,NULL,NULL,1,0,NULL,NULL,NULL,NULL,0,1890.00,NULL,NULL,NULL,'2014-04-10 12:08:30','2014-04-10 12:08:30'),
	(29,5,7,'Coppafeel SMS sign up updates',NULL,NULL,NULL,50,NULL,1,0,'884','https://diginutltd.freeagent.com/estimates/545725',NULL,NULL,1,712.80,NULL,NULL,NULL,'2014-04-11 06:24:22','2014-06-05 23:37:47'),
	(30,3,3,'Nissan FPS HTML Emails',NULL,'2014-05-05','2014-05-08',100,NULL,8,100,'921','https://diginutltd.freeagent.com/estimates/602838','987','https://diginutltd.freeagent.com/invoices/9041177',6,2460.00,45,NULL,NULL,'2014-04-11 06:26:24','2014-05-23 19:57:18'),
	(31,17,17,'Mobile Website & App',NULL,NULL,NULL,NULL,NULL,10,0,'915','https://diginutltd.freeagent.com/estimates/580869',NULL,NULL,1,53280.00,NULL,NULL,NULL,'2014-04-11 06:26:56','2014-05-07 07:40:41'),
	(32,2,18,'Adidas CRP Site amends',NULL,NULL,NULL,50,NULL,9,0,'919','https://diginutltd.freeagent.com/estimates/595406',NULL,NULL,1,1584.00,NULL,NULL,NULL,'2014-04-11 06:27:38','2014-10-06 09:17:08'),
	(33,11,25,'Vfend iRep Detail Aid',NULL,NULL,NULL,60,NULL,9,0,NULL,NULL,NULL,NULL,0,8400.00,160,NULL,NULL,'2014-04-11 06:28:03','2014-10-06 09:17:39'),
	(34,19,19,'IOVOX Reseller Platform',NULL,NULL,NULL,50,'Pete (FE), Simon (BE), Anh',3,80,'898','https://diginutltd.freeagent.com/estimates/559220',NULL,NULL,0,14400.00,160,NULL,NULL,'2014-04-11 06:29:23','2014-09-01 10:22:32'),
	(35,18,20,'Interim Design Refresh',NULL,NULL,NULL,NULL,NULL,1,0,NULL,NULL,NULL,NULL,0,5472.00,NULL,NULL,NULL,'2014-04-11 06:29:53','2014-04-11 06:29:53'),
	(36,20,26,'Brand App',NULL,NULL,NULL,NULL,NULL,10,0,NULL,NULL,NULL,NULL,0,10000.00,NULL,NULL,NULL,'2014-04-11 09:38:45','2014-07-18 16:45:36'),
	(38,1,23,'Golden Toaster Newsletter Form',NULL,NULL,NULL,NULL,NULL,10,0,NULL,NULL,NULL,NULL,0,1008.00,NULL,NULL,NULL,'2014-04-17 12:32:55','2014-07-18 17:27:38'),
	(39,21,27,'Facebook / Twitter Sharing Tool ',NULL,NULL,NULL,NULL,NULL,10,0,NULL,NULL,NULL,NULL,1,3168.00,NULL,NULL,NULL,'2014-04-17 12:33:29','2014-05-27 06:58:44'),
	(40,5,7,'Coppafeel Shop Page Update',NULL,'2014-04-02','2014-05-02',50,'Simon (BE)',8,100,'905','https://diginutltd.freeagent.com/estimates/571582','973','https://diginutltd.freeagent.com/invoices/8854102',7,842.40,15,6,'2014-04-28','2014-04-23 06:52:42','2014-05-07 20:48:59'),
	(41,3,4,'Nissan Trade Campaign (May to September) Emails x 3 - Remanufactured Exchange Parts',NULL,NULL,NULL,100,'Simon (BE), Danny',8,100,'907','https://diginutltd.freeagent.com/estimates/571628',NULL,NULL,4,379.99,3,NULL,NULL,'2014-04-23 08:04:04','2014-05-19 22:37:12'),
	(42,3,4,'Nissan Trade Campaign (May to September) Emails x 3 - Mechanical Parts',NULL,NULL,NULL,100,'Simon (BE), Danny',8,90,'906','https://diginutltd.freeagent.com/estimates/571625',NULL,NULL,1,379.99,NULL,NULL,'2014-06-18','2014-04-23 08:04:59','2014-06-30 15:16:01'),
	(44,11,25,'Ecalta iRep Detail Aid',NULL,NULL,NULL,50,'Simon (BE)',9,0,'903','https://diginutltd.freeagent.com/estimates/563695',NULL,NULL,0,10080.00,100,NULL,NULL,'2014-04-29 18:25:55','2014-10-06 09:17:27'),
	(45,22,28,'Microsite & Social Platform',NULL,NULL,NULL,25,'Anh, Simon, Alex',10,0,'909','https://diginutltd.freeagent.com/estimates/577296',NULL,NULL,1,34464.00,320,NULL,NULL,'2014-04-30 07:20:28','2014-05-29 22:11:53'),
	(46,9,8,'Breed Content Updates 2014 Q2',NULL,NULL,'2014-04-29',100,'Alex',8,100,'904','https://diginutltd.freeagent.com/estimates/567684','972','https://diginutltd.freeagent.com/invoices/8854080',6,168.00,NULL,2,'2014-04-28','2014-04-30 03:46:05','2014-05-07 20:49:29'),
	(50,3,3,'Nissan Contract Hire (May 2014)','2014-05-06','2014-05-23',NULL,100,'Danny',8,100,'916','https://diginutltd.freeagent.com/estimates/582252','997','https://diginutltd.freeagent.com/invoices/9112750',6,720.00,8,NULL,NULL,'2014-05-02 20:13:44','2014-06-24 11:28:51'),
	(52,3,29,'X-Trail Email (April 2014)','2014-05-07',NULL,'2014-05-09',90,'Danny',8,50,'914','https://diginutltd.freeagent.com/estimates/579873','996','https://diginutltd.freeagent.com/invoices/9112729',6,480.00,8,NULL,NULL,'2014-05-07 07:23:58','2014-05-30 23:30:41'),
	(53,23,30,'GFSI Website Migration',NULL,NULL,NULL,100,'Danny / Alex',8,90,'917','https://diginutltd.freeagent.com/estimates/586428','994','https://diginutltd.freeagent.com/invoices/9112449',4,180.00,3,NULL,'2014-05-13','2014-05-07 20:27:17','2014-05-30 23:23:36'),
	(54,25,32,'Pru Vitality (Phase 1)',NULL,NULL,'2014-05-21',100,'Anh (Design), Danny (FE/BE)',8,100,'913','https://diginutltd.freeagent.com/estimates/579365','971/992','https://diginutltd.freeagent.com/projects/606898/invoices',6,14496.00,NULL,NULL,'2014-05-20','2014-05-07 20:30:49','2014-06-09 17:44:33'),
	(56,23,30,'Home Associates CMS Training','2014-05-06','2014-05-06','2014-05-06',NULL,'Alex',8,100,'927','https://diginutltd.freeagent.com/estimates/611346','993','https://diginutltd.freeagent.com/invoices/9112307',3,216.00,NULL,NULL,'2014-05-06','2014-05-15 00:48:03','2014-05-30 23:14:10'),
	(57,11,22,'Imbruvica iRep App - UK & Extras',NULL,NULL,NULL,NULL,'Simon, Alex',8,100,'918','https://diginutltd.freeagent.com/estimates/588370','991','https://diginutltd.freeagent.com/invoices/9099413',3,3816.00,NULL,NULL,NULL,'2014-05-15 00:52:55','2014-08-22 14:06:06'),
	(58,3,4,'New emails for Olga',NULL,NULL,NULL,25,'Danny',1,0,NULL,NULL,NULL,NULL,1,1350.00,27,NULL,NULL,'2014-05-19 22:21:10','2014-05-19 22:38:02'),
	(60,20,26,'Responsive Ecommerce Website',NULL,NULL,NULL,50,'Simon, Alex',10,0,'922','https://diginutltd.freeagent.com/estimates/606956',NULL,NULL,3,9360.00,120,NULL,NULL,'2014-05-27 06:28:47','2014-07-18 16:45:22'),
	(61,26,34,'NIRDP WordPress Theme',NULL,NULL,NULL,25,'Anh, Simon, Alex',10,0,'923','https://diginutltd.freeagent.com/estimates/606976',NULL,NULL,3,6624.00,40,NULL,NULL,'2014-05-27 06:52:37','2014-12-12 19:43:02'),
	(62,3,29,'Nissan Leaf Email (May 2014)',NULL,NULL,'2014-05-30',100,'Danny',8,100,'924','https://diginutltd.freeagent.com/estimates/607388','995','https://diginutltd.freeagent.com/invoices/9112618',6,420.00,NULL,NULL,'2014-05-30','2014-05-27 19:01:33','2014-06-09 17:39:48'),
	(63,27,35,'Child Poverty Action Group New Website',NULL,NULL,NULL,50,'Simon, Alex',10,0,'925','https://diginutltd.freeagent.com/estimates/610837',NULL,NULL,3,25440.00,300,NULL,NULL,'2014-05-29 21:40:40','2014-07-18 17:28:00'),
	(64,3,3,'Nissan Juke Email Q3 2014',NULL,NULL,NULL,100,NULL,8,100,NULL,NULL,NULL,NULL,1,864.00,NULL,NULL,'2014-06-20','2014-06-06 01:00:06','2014-06-24 11:28:21'),
	(66,28,36,'Games & Digital Content',NULL,NULL,NULL,50,'Anh, Simon, Alex',10,0,NULL,NULL,NULL,NULL,3,70000.00,NULL,NULL,NULL,'2014-06-10 14:03:15','2014-06-16 20:08:53'),
	(67,1,37,'Low Emissions Vehicles site amends (June 2014)',NULL,NULL,NULL,50,'Simon',8,0,'928','https://diginutltd.freeagent.com/estimates/626451',NULL,NULL,2,396.00,5,NULL,'2014-07-25','2014-06-10 17:22:17','2014-07-25 08:48:53'),
	(68,3,38,'Nissan P1 3 Cars HTML Email - PCP Table',NULL,NULL,NULL,75,'Danny',8,100,'929','https://diginutltd.freeagent.com/estimates/627353',NULL,NULL,1,936.00,NULL,NULL,NULL,'2014-06-11 07:38:34','2014-08-22 09:53:59'),
	(69,29,39,'Weekly Clean New Functionality','2014-06-18',NULL,NULL,25,'Simon, Alex',8,100,'931','https://diginutltd.freeagent.com/estimates/632793',NULL,NULL,3,8792.40,76,NULL,'2014-11-28','2014-06-11 11:22:51','2014-12-01 12:47:06'),
	(70,2,43,'Cunard Flash Banners Q2 2014',NULL,NULL,NULL,75,NULL,8,100,'930','https://diginutltd.freeagent.com/estimates/632565',NULL,NULL,2,3456.00,NULL,NULL,'2014-06-27','2014-06-16 10:36:18','2014-06-30 10:11:46'),
	(71,3,29,'CARED4 Extra Extra Q2 2014',NULL,NULL,'2014-06-23',75,NULL,8,100,NULL,NULL,NULL,NULL,1,432.00,NULL,NULL,'2014-06-24','2014-06-19 09:28:30','2014-06-30 10:11:38'),
	(73,3,3,'Nissan Juke Accessory Pack Q2 2014',NULL,NULL,NULL,100,'Danny',8,100,NULL,NULL,NULL,NULL,1,2088.00,NULL,NULL,'2014-08-22','2014-06-20 10:47:01','2014-09-01 08:17:23'),
	(74,5,7,'Coppafeel website migration',NULL,NULL,NULL,100,'Danny, Alex',8,100,NULL,NULL,NULL,NULL,1,486.00,NULL,NULL,'2014-06-27','2014-06-20 12:30:12','2014-06-30 10:11:29'),
	(75,9,8,'Breed Jessica May Underwood Updates',NULL,NULL,NULL,100,'Alex',8,100,NULL,NULL,NULL,NULL,1,96.00,NULL,NULL,'2014-06-25','2014-06-23 15:12:08','2014-06-30 10:11:21'),
	(77,2,43,'Additional ad format for Cunard',NULL,NULL,NULL,75,'Rob',8,100,NULL,NULL,NULL,NULL,1,1260.00,NULL,NULL,'2014-06-27','2014-06-24 11:39:06','2014-06-30 10:11:12'),
	(78,3,33,'Nissan Crossover Weekend Q2 2014',NULL,'2014-06-27','2014-06-27',50,'Danny, Alex',8,100,NULL,NULL,NULL,NULL,1,576.00,NULL,NULL,'2014-06-30','2014-06-24 11:49:24','2014-06-30 10:11:02'),
	(79,3,29,'Nissan Leaf Electric Q2 2014',NULL,'2014-07-22','2014-07-22',50,'Danny, Alex',8,100,NULL,NULL,NULL,NULL,1,936.00,NULL,NULL,'2014-07-25','2014-06-24 13:28:09','2014-07-25 08:49:37'),
	(80,1,37,'Low emissions Vehicles Twitter Feed',NULL,NULL,NULL,NULL,NULL,8,100,NULL,NULL,NULL,NULL,1,288.00,NULL,NULL,'2014-07-25','2014-06-25 08:33:35','2014-07-25 08:49:14'),
	(82,4,6,'Oakley Dealers Multi-lingual Webpage Redirect',NULL,NULL,NULL,75,'Mark, Alex',8,100,NULL,NULL,NULL,NULL,1,1375.00,16,10,'2014-08-01','2014-06-27 10:33:49','2014-08-21 10:00:38'),
	(83,31,44,'Purity Bridge Website Redesign',NULL,NULL,NULL,50,'Anh, Danny, Alex',10,0,NULL,NULL,NULL,NULL,1,7848.00,104,NULL,NULL,'2014-06-27 10:39:08','2014-07-08 10:19:27'),
	(84,9,8,'News article pagination',NULL,'2014-07-01',NULL,50,'Danny, Alex',9,0,NULL,NULL,NULL,NULL,1,288.00,NULL,NULL,NULL,'2014-06-30 14:28:29','2014-07-30 13:27:13'),
	(85,3,3,'Nissan After sales Campaign Pack Q3 2014',NULL,NULL,NULL,NULL,'Danny',8,100,NULL,NULL,NULL,NULL,1,336.00,NULL,NULL,'2014-07-11','2014-07-03 11:34:24','2014-07-15 16:48:24'),
	(86,32,45,'La Gitana New Website','2014-07-03','2014-07-04',NULL,100,'Danny',8,75,NULL,NULL,NULL,NULL,1,1000.00,16,NULL,NULL,'2014-07-03 14:47:44','2014-07-16 13:15:19'),
	(87,20,26,'Knowledge Hub Website (holding page)','2014-07-03',NULL,'2014-07-07',100,'Mark, Alex',8,98,NULL,NULL,NULL,NULL,1,1800.00,20,NULL,'2014-07-08','2014-07-03 14:50:41','2014-07-11 08:46:06'),
	(88,3,46,'Nissan e-NV2000 Q3 2014',NULL,NULL,NULL,NULL,'Danny',8,100,NULL,NULL,NULL,NULL,1,504.00,NULL,NULL,'2014-07-11','2014-07-04 11:46:04','2014-07-15 16:46:21'),
	(89,20,26,'Knowledge Hub banner Ads',NULL,NULL,NULL,NULL,NULL,10,0,NULL,NULL,NULL,NULL,1,862.00,NULL,NULL,NULL,'2014-07-04 12:54:47','2014-07-15 14:22:40'),
	(91,9,8,'Breed Content Updates July Q3 2014',NULL,NULL,NULL,NULL,'Alex',8,100,NULL,NULL,NULL,NULL,1,96.00,1,NULL,'2014-07-11','2014-07-09 14:18:56','2014-07-15 16:46:39'),
	(92,2,47,'Cunard Flash Banners Q3 2014',NULL,NULL,NULL,100,'Rob',8,100,NULL,NULL,NULL,NULL,1,4536.00,NULL,NULL,'2014-07-25','2014-07-09 14:20:15','2014-07-25 08:50:16'),
	(93,3,3,'Nissan HTML Logo Update Q3',NULL,NULL,NULL,50,'Danny',9,0,NULL,NULL,NULL,NULL,1,900.00,NULL,NULL,NULL,'2014-07-10 15:00:50','2014-08-22 14:00:42'),
	(94,3,29,'Nissan Juke Fleet Emails July Q3',NULL,NULL,'2014-07-24',100,'Danny',8,100,NULL,NULL,NULL,NULL,1,792.00,NULL,NULL,'2014-07-25','2014-07-15 15:15:56','2014-07-30 12:59:41'),
	(96,14,15,'Digital Systems & Supportive Technologies for the Al Jazeera Brand',NULL,NULL,NULL,50,'TBC',1,0,NULL,NULL,NULL,NULL,1,38750.00,NULL,NULL,NULL,'2014-07-16 13:18:26','2014-07-16 13:25:59'),
	(97,33,48,'Brash Brands New Website',NULL,NULL,NULL,100,'Anh, Mark, Alex',3,50,NULL,NULL,NULL,NULL,1,13800.00,184,NULL,NULL,'2014-07-16 13:23:04','2014-11-03 10:35:39'),
	(98,34,49,'Gill Rees Legal Website',NULL,NULL,NULL,50,'Anh, Mark, Alex',10,0,NULL,NULL,NULL,NULL,1,11000.00,NULL,NULL,NULL,'2014-07-16 15:19:59','2014-12-12 19:42:41'),
	(99,3,29,'Nissan LEAF vertical sales Emails Q3',NULL,NULL,'2014-07-23',NULL,'Danny',1,0,NULL,NULL,NULL,NULL,1,1008.00,NULL,NULL,NULL,'2014-07-18 10:20:25','2014-07-18 10:20:25'),
	(100,10,21,'Lima Floral Gallery Page',NULL,NULL,NULL,NULL,'Alex',10,0,NULL,NULL,NULL,NULL,1,180.00,NULL,NULL,NULL,'2014-07-18 13:45:20','2014-07-25 08:51:48'),
	(101,35,50,'Ignis New Website Design & Build (Phase 1)',NULL,NULL,NULL,50,'Anh, Simon, Alex',10,0,NULL,NULL,NULL,NULL,1,12500.00,180,NULL,NULL,'2014-07-21 13:17:14','2014-07-25 11:24:03'),
	(102,1,37,'Apprenticeships WordPress Build',NULL,NULL,NULL,50,'Mark, Alex',10,0,NULL,NULL,NULL,NULL,1,11250.00,160,NULL,NULL,'2014-07-21 13:19:47','2014-07-25 11:24:19'),
	(103,11,22,'Janssen Pro Portal Build',NULL,NULL,NULL,75,'Mark, Alex',8,100,NULL,NULL,NULL,NULL,1,19000.00,140,NULL,'2014-11-28','2014-07-21 17:16:51','2014-12-01 12:45:20'),
	(104,2,24,'Cunard Clickable Skin (July) Q3',NULL,NULL,'2014-07-24',NULL,NULL,8,100,NULL,NULL,NULL,NULL,1,600.00,NULL,NULL,'2014-07-25','2014-07-22 15:18:48','2014-07-30 13:00:21'),
	(105,3,29,'Nissan Weekend Event (August) Q3',NULL,'2014-07-30','2014-07-30',50,'Mark, Alex',10,0,NULL,NULL,NULL,NULL,1,NULL,NULL,NULL,NULL,'2014-07-25 11:25:13','2014-07-31 11:07:25'),
	(106,36,51,'SHP E-commerce Website (Phase 1)','2014-07-28',NULL,NULL,75,'Anh, Mark, Alex',5,75,NULL,NULL,NULL,NULL,1,4750.00,76,NULL,NULL,'2014-07-25 11:27:45','2014-12-02 22:11:50'),
	(107,5,7,'Coppafeel WhatNormalFeelsLike',NULL,NULL,NULL,NULL,NULL,10,10,NULL,NULL,NULL,NULL,1,1749.60,27,NULL,NULL,'2014-07-31 08:46:34','2014-09-02 10:03:57'),
	(108,3,29,'Nissan Targetted HTML Emails (August 2014) Q3',NULL,NULL,NULL,75,'Alex, Mark',8,100,NULL,NULL,NULL,NULL,1,1368.00,NULL,NULL,'2014-08-08','2014-07-31 10:10:38','2014-08-21 10:00:51'),
	(109,2,58,'Bespoke Offers Editable Email Templates (August 2014) Q3',NULL,NULL,NULL,100,NULL,8,100,NULL,NULL,NULL,NULL,1,2160.00,NULL,NULL,'2014-08-29','2014-07-31 14:17:00','2014-09-01 08:18:15'),
	(110,11,9,'Milan Veeva iRep App',NULL,NULL,'2014-08-21',20,NULL,10,0,NULL,NULL,NULL,NULL,1,22320.00,NULL,NULL,NULL,'2014-08-04 08:34:13','2014-08-11 13:04:19'),
	(111,1,37,'Go Ultra Low Brochure Button Update',NULL,NULL,NULL,NULL,NULL,10,0,NULL,NULL,NULL,NULL,1,432.00,NULL,NULL,NULL,'2014-08-04 14:02:12','2014-12-01 12:50:28'),
	(112,3,54,'LEAF Employee Offers asset',NULL,NULL,NULL,50,'Alex, Mark',10,0,NULL,NULL,NULL,NULL,1,324.00,NULL,NULL,NULL,'2014-08-05 14:50:29','2014-08-14 12:01:16'),
	(113,3,29,'Nismo Centre HTML',NULL,NULL,NULL,75,NULL,5,0,NULL,NULL,NULL,NULL,1,1728.00,24,NULL,NULL,'2014-08-06 12:44:00','2014-09-01 08:21:34'),
	(114,2,24,'Cunard Digital Campaign (September 2014) Q3',NULL,'2014-09-01',NULL,80,'Rob',8,100,NULL,NULL,NULL,NULL,1,3000.00,NULL,NULL,NULL,'2014-08-07 09:50:03','2014-10-31 12:52:16'),
	(115,11,53,'Ibrutinab PSP e-detailer',NULL,'2014-08-22',NULL,100,'Alex, Simon',8,100,NULL,NULL,NULL,NULL,1,8496.00,90,NULL,'2014-08-29','2014-08-11 13:09:21','2014-09-01 08:18:40'),
	(116,4,6,'Virgin Money Giving Project',NULL,NULL,'2014-09-08',NULL,NULL,10,0,NULL,NULL,NULL,NULL,1,5500.00,78,NULL,NULL,'2014-08-12 10:42:22','2014-09-04 14:50:08'),
	(117,37,56,'Virgin Care Bid Microsite ',NULL,NULL,NULL,50,NULL,9,0,NULL,NULL,NULL,NULL,1,6150.00,82,NULL,NULL,'2014-08-12 10:50:38','2014-08-21 10:02:34'),
	(118,3,3,'Nissan Service & MOT Email Updates (August 2014) Q3',NULL,NULL,NULL,75,'Danny',8,100,NULL,NULL,NULL,NULL,1,324.00,4,NULL,'2014-08-29','2014-08-14 11:40:10','2014-09-01 08:17:55'),
	(119,3,3,'Nissan Love2Shop (August 2014) Q3',NULL,'2014-09-01',NULL,NULL,'Alex. Danny',8,50,NULL,NULL,NULL,NULL,1,900.00,13,NULL,'2014-10-31','2014-08-14 11:53:11','2014-10-31 12:51:28'),
	(120,11,57,'Imbruvica Value Proposition (August 2014) Q3',NULL,NULL,NULL,75,NULL,1,0,NULL,NULL,NULL,NULL,1,22350.00,NULL,NULL,NULL,'2014-08-15 12:33:31','2014-08-22 14:08:07'),
	(121,3,4,'Nissan Trade Campaign Emails (August 2014) Q3',NULL,NULL,NULL,50,NULL,10,0,NULL,NULL,NULL,NULL,1,1620.00,NULL,NULL,NULL,'2014-08-20 11:07:28','2014-08-28 10:13:35'),
	(122,11,22,'iRep Detail Aid Localisation Solution',NULL,NULL,NULL,50,'Simon, Alex',5,75,NULL,NULL,NULL,NULL,1,18400.00,144,NULL,NULL,'2014-08-22 14:02:14','2014-12-02 22:11:32'),
	(123,11,22,'EMEA Imbruvica iRep App Updates (HTML 3)',NULL,NULL,NULL,100,'Simon, Alex',8,100,NULL,NULL,NULL,NULL,1,14375.00,80,NULL,'2014-10-31','2014-08-22 14:04:36','2014-10-31 12:50:37'),
	(124,11,22,'Imbruvica UK Sales Aid (August 2014) Q3',NULL,NULL,NULL,80,'Alex',8,100,NULL,NULL,NULL,NULL,1,3888.00,NULL,NULL,'2014-10-31','2014-08-26 12:18:10','2014-10-31 12:48:25'),
	(125,3,4,'Nissan Marketing Service Email (August 2014) Q3',NULL,NULL,NULL,80,'Danny, Alex',8,100,NULL,NULL,NULL,NULL,1,684.00,NULL,NULL,'2014-10-31','2014-08-28 10:05:39','2014-10-31 12:47:56'),
	(126,3,4,'Nissan Antifreeze Email (August 2014) Q4',NULL,NULL,'2014-09-01',90,'Danny',8,100,NULL,NULL,NULL,NULL,1,360.00,NULL,NULL,'2014-10-31','2014-08-28 13:16:20','2014-10-31 12:47:40'),
	(127,3,54,'Nissan X-Trail (August 2014) Q3',NULL,NULL,NULL,100,NULL,8,100,NULL,NULL,NULL,NULL,1,504.00,NULL,NULL,'2014-10-31','2014-08-29 16:42:47','2014-10-31 12:47:29'),
	(128,2,24,'Cunard Cascade Banner (September 2014) Q3',NULL,NULL,NULL,50,'Rob, Alex',1,0,NULL,NULL,NULL,NULL,1,NULL,NULL,NULL,NULL,'2014-09-01 10:56:41','2014-09-01 10:56:41'),
	(129,9,8,'Breed News Updates (September 2014) Q3',NULL,NULL,NULL,NULL,'Alex, Simon',8,0,NULL,NULL,NULL,NULL,1,48.00,NULL,NULL,'2014-09-01','2014-09-01 16:11:01','2014-09-01 16:14:10'),
	(135,11,53,'Imbruvica PSP EDetailer UK (September 2014) Q3',NULL,'2014-09-17',NULL,80,'Alex',8,100,NULL,NULL,NULL,NULL,1,1224.00,NULL,NULL,'2014-10-31','2014-09-03 16:03:46','2014-10-31 12:47:08'),
	(136,10,21,'Lima London New Pages (September 2014) Q3',NULL,NULL,NULL,50,'Alex',8,100,NULL,NULL,NULL,NULL,1,330.00,NULL,NULL,'2014-10-14','2014-09-04 15:57:52','2014-10-30 17:37:14'),
	(138,4,6,'Oakley Dealers Multi-lingual Webpage Redirect Mobile (September 2014) Q3',NULL,NULL,NULL,50,NULL,7,100,NULL,NULL,NULL,NULL,1,1800.00,NULL,NULL,NULL,'2014-09-08 11:17:45','2014-12-02 22:10:37'),
	(139,3,3,'Nissan Trade Emails x 5 (Sepember 2014) Q3',NULL,NULL,NULL,NULL,NULL,8,100,NULL,NULL,NULL,NULL,1,1038.00,NULL,NULL,'2014-10-31','2014-09-09 12:05:51','2014-10-31 12:46:35'),
	(140,3,3,'Nissan Juke Accessories (September 2014) Q3',NULL,NULL,NULL,NULL,'Danny',8,100,NULL,NULL,NULL,NULL,1,468.00,7,NULL,'2014-10-31','2014-09-09 12:36:29','2014-10-31 12:46:17'),
	(141,3,54,'Nissan Pulsar Pre-launch Email (September 2014) Q3',NULL,'2014-09-12',NULL,50,'Danny',8,100,NULL,NULL,NULL,NULL,1,651.60,9,NULL,'2014-10-31','2014-09-11 14:05:16','2014-10-31 12:45:57'),
	(142,2,24,'Cunard Banners (September 2014) Q3',NULL,NULL,NULL,NULL,'Rob',8,100,NULL,NULL,NULL,NULL,1,7488.00,NULL,NULL,'2014-09-30','2014-09-12 09:16:34','2014-10-31 12:06:59'),
	(143,2,24,'Cunard HPTO & Cascade (September 2014) Q3',NULL,NULL,NULL,NULL,'Rob',8,100,NULL,NULL,NULL,NULL,1,7560.00,NULL,NULL,'2014-09-30','2014-09-12 09:16:34','2014-10-31 12:06:29'),
	(145,11,22,'201409 iConnect Pre-luanch Emails (September 2014) Q3',NULL,'2014-09-19','2014-09-19',100,'Alex, Mark',8,100,NULL,NULL,NULL,NULL,1,1728.00,NULL,NULL,'2014-10-31','2014-09-16 12:49:50','2014-10-31 12:44:50'),
	(146,3,3,'Nissan Leaf Electric HTML Only (September 2013) Q3',NULL,'2014-09-19',NULL,50,'Danny',1,0,NULL,NULL,NULL,NULL,1,NULL,NULL,NULL,NULL,'2014-09-16 13:12:54','2014-10-06 09:01:36'),
	(147,3,54,'Nissan Jenny Jones Juke (September 2014) Q3',NULL,NULL,NULL,50,'Danny',8,100,NULL,NULL,NULL,NULL,1,468.00,NULL,NULL,'2014-10-31','2014-09-19 14:58:52','2014-10-31 12:44:40'),
	(148,2,24,'Cunard New York Sales Banners (September 2013) Q3',NULL,NULL,NULL,NULL,NULL,10,0,NULL,NULL,NULL,NULL,1,NULL,NULL,NULL,NULL,'2014-09-23 09:40:44','2014-09-23 10:15:55'),
	(149,3,54,'Nissan Pulsar Email (September 2014) Q3',NULL,'2014-09-26',NULL,80,NULL,1,0,NULL,NULL,NULL,NULL,1,432.00,NULL,NULL,NULL,'2014-09-25 08:25:20','2014-09-25 09:39:43'),
	(150,3,4,'Nissan Love2shop (September 2014) Q3',NULL,'2014-10-01',NULL,100,NULL,8,100,NULL,NULL,NULL,NULL,1,324.00,NULL,NULL,'2014-10-31','2014-09-25 10:10:21','2014-10-31 12:44:20'),
	(151,3,3,'Nissan Pulsar HTML Only (September 2014) Q3',NULL,'2014-09-26',NULL,50,'Danny',8,100,NULL,NULL,NULL,NULL,1,288.00,NULL,NULL,'2014-10-31','2014-09-25 10:46:50','2014-10-31 12:44:07'),
	(152,3,4,'Nissan Love2shop (February 2015) Q1',NULL,'2014-10-01',NULL,100,NULL,1,0,NULL,NULL,NULL,NULL,1,324.00,NULL,NULL,NULL,'2014-09-25 10:10:21','2014-09-25 10:55:45'),
	(153,3,4,'Nissan Newsletter HTML Only Email (February 2015) Q1',NULL,'2015-02-01',NULL,50,NULL,1,0,NULL,NULL,NULL,NULL,1,180.00,NULL,NULL,NULL,'2014-09-25 10:58:07','2014-09-25 11:00:57'),
	(154,3,4,'Nissan Brake Pads, Discs and Cleaner HTML (November 2014) Q4',NULL,'2014-11-03',NULL,50,'Danny',9,0,NULL,NULL,NULL,NULL,1,252.00,NULL,NULL,NULL,'2014-09-25 11:08:19','2014-10-23 10:44:12'),
	(155,3,4,'Nissan Wipers and Screen Wash HTML (November 2014) Q4',NULL,'2014-11-03',NULL,50,NULL,8,100,NULL,NULL,NULL,NULL,1,324.00,NULL,NULL,'2014-11-03','2014-09-25 11:12:01','2014-12-01 12:44:28'),
	(156,3,4,'Nissan Starters and Alternators HTML (December 2014) Q4',NULL,'2014-12-01',NULL,50,NULL,9,0,NULL,NULL,NULL,NULL,1,324.00,NULL,NULL,NULL,'2014-09-25 11:12:01','2014-10-23 10:44:40'),
	(157,3,4,'Nissan Antifreeze Email (September 2014) Q3',NULL,NULL,NULL,NULL,NULL,8,100,NULL,NULL,NULL,NULL,1,252.00,NULL,NULL,'2014-10-31','2014-09-29 12:47:35','2014-10-31 12:43:35'),
	(158,3,4,'Nissan Mechanical Parts (September 2014) Q3',NULL,NULL,NULL,NULL,NULL,8,100,NULL,NULL,NULL,NULL,1,342.00,NULL,NULL,'2014-10-31','2014-09-29 12:51:08','2014-10-31 12:08:14'),
	(159,2,24,'Cunard Dynamic Banner Backup GIFs (September 2014) Q3',NULL,NULL,NULL,NULL,'Rob',1,0,NULL,NULL,NULL,NULL,1,324.00,NULL,NULL,NULL,'2014-09-29 14:01:49','2014-09-29 14:01:49'),
	(160,3,29,'300980 Nissan CARED4 Email (October 2014) Q4',NULL,'2014-10-01',NULL,50,'Danny, Alex',8,100,NULL,NULL,NULL,NULL,1,288.00,NULL,NULL,'2014-10-31','2014-10-01 09:18:25','2014-10-31 12:07:58'),
	(161,3,60,'Nissan Legals Update (October 2014) Q4',NULL,NULL,'2014-10-15',50,NULL,8,100,NULL,NULL,NULL,NULL,1,612.00,NULL,NULL,'2014-10-31','2014-10-01 09:33:12','2014-10-31 12:07:45'),
	(162,3,3,'Nissan Winter Check (October 2014) Q4',NULL,'2014-10-03',NULL,100,NULL,8,100,NULL,NULL,NULL,NULL,1,270.00,NULL,NULL,'2014-10-31','2014-10-01 09:57:09','2014-10-31 12:07:24'),
	(163,3,4,'Nissan P4 Trade Newsletter (October 2014) Q4',NULL,'2014-10-15','2014-10-15',75,NULL,8,100,NULL,NULL,NULL,NULL,1,468.00,NULL,NULL,'2014-11-03','2014-10-07 10:20:03','2014-12-01 12:43:38'),
	(164,3,3,'Nissan Trade Campaign Email (October 2014) Q4',NULL,NULL,'2014-10-08',50,NULL,1,0,NULL,NULL,NULL,NULL,1,342.00,NULL,NULL,NULL,'2014-10-07 12:52:56','2014-10-07 12:56:25'),
	(165,3,61,'Nissan Pulsar Email (October 2014) Q4',NULL,'2014-09-26','2014-10-08',80,NULL,1,0,NULL,NULL,NULL,NULL,1,306.00,NULL,NULL,NULL,'2014-09-25 08:25:20','2014-10-07 19:19:01'),
	(166,3,33,'Nissan Pulsar Tactical Email (October 2014) Q4',NULL,NULL,'2014-10-13',80,NULL,1,0,NULL,NULL,NULL,NULL,1,504.00,NULL,NULL,NULL,'2014-10-10 16:06:22','2014-10-10 16:24:01'),
	(167,11,57,'iConnect Email (October 2014) Q4',NULL,NULL,'2014-10-15',80,NULL,8,100,NULL,NULL,NULL,NULL,1,936.00,NULL,NULL,'2014-11-21','2014-10-13 14:08:35','2014-12-01 12:43:05'),
	(168,1,37,'GoUltraLow site amends (October 2014) Q4',NULL,NULL,NULL,35,NULL,5,40,NULL,NULL,NULL,NULL,1,10457.50,NULL,NULL,NULL,'2014-10-14 15:54:02','2015-01-06 13:19:22'),
	(169,3,4,'Nissan Email (October 2014) Q4',NULL,NULL,NULL,50,NULL,1,0,NULL,NULL,NULL,NULL,1,648.00,NULL,NULL,NULL,'2014-10-15 12:45:05','2014-10-15 12:45:05'),
	(170,3,29,'Nissan Vertical Targetting Emails (October 2014) Q4',NULL,NULL,NULL,50,NULL,1,0,NULL,NULL,NULL,NULL,1,360.00,NULL,NULL,NULL,'2014-10-15 15:05:42','2014-10-15 15:09:36'),
	(171,3,3,'Nissan Accessories HTML Only Updates (October 2014) Q4',NULL,NULL,NULL,80,NULL,1,0,NULL,NULL,NULL,NULL,1,216.00,NULL,NULL,NULL,'2014-10-15 15:49:43','2014-10-15 15:52:23'),
	(172,14,15,'Gulfstream UAE Website Builds',NULL,NULL,NULL,75,'MW, SJ, AT',5,0,NULL,NULL,NULL,NULL,1,12000.00,180,NULL,NULL,'2014-10-17 11:17:54','2014-12-02 22:48:43'),
	(173,14,15,'GPStudio WordPress Website Improvements',NULL,NULL,NULL,50,'MW, SJ, AT',5,0,NULL,NULL,NULL,NULL,1,7250.00,100,NULL,NULL,'2014-10-17 11:19:29','2014-12-02 22:48:27'),
	(174,4,6,'Virgin Money Extramile 2015',NULL,NULL,NULL,99,'MW, SJ, AT, DB',10,0,NULL,NULL,NULL,NULL,1,18750.00,480,NULL,NULL,'2014-10-17 11:21:48','2014-11-25 11:54:05'),
	(175,11,57,'Imbruvica UK Sales Aid Navigation Update (October 2104) Q4',NULL,NULL,NULL,75,NULL,8,100,NULL,NULL,NULL,NULL,1,8070.00,NULL,NULL,'2014-11-28','2014-10-20 10:42:55','2014-12-01 13:47:27'),
	(176,11,57,'Imbruvica ASH congress mini sales aid (October 2014) Q4',NULL,NULL,'2014-11-15',50,NULL,8,100,NULL,NULL,NULL,NULL,1,4320.00,NULL,NULL,'2014-11-28','2014-10-20 16:06:09','2014-12-01 12:42:11'),
	(177,3,4,'Nissan Marketing Service Update (October 2014) Q4',NULL,NULL,NULL,80,NULL,1,0,NULL,NULL,NULL,NULL,1,216.00,NULL,NULL,NULL,'2014-10-21 14:19:05','2014-10-23 12:56:18'),
	(178,3,3,'Nissan Marketing Service Update II (October 2014) Q4',NULL,NULL,NULL,80,NULL,1,0,NULL,NULL,NULL,NULL,1,216.00,NULL,NULL,NULL,'2014-10-21 14:19:05','2014-10-23 13:06:21'),
	(179,3,60,'Nissan T&Cs Update (October 2014) Q4',NULL,NULL,'2014-10-28',50,NULL,1,0,NULL,NULL,NULL,NULL,1,1080.00,NULL,NULL,NULL,'2014-10-01 09:33:12','2014-10-22 16:06:54'),
	(180,38,62,'CHECT WordPress Website Build',NULL,'2014-10-24','2014-10-24',75,'SJ, AT',10,75,NULL,NULL,NULL,NULL,1,10850.00,NULL,NULL,NULL,'2014-10-23 13:01:09','2014-12-18 10:21:20'),
	(181,3,4,'Nissan Total Loss Avoidance Email (October 2014) Q4',NULL,NULL,NULL,100,NULL,8,100,NULL,NULL,NULL,NULL,1,504.00,NULL,NULL,'2014-11-18','2014-10-30 14:37:06','2014-12-01 12:41:23'),
	(183,3,60,'Nissan Legals Update (November 2014) Q4',NULL,NULL,NULL,50,NULL,8,100,NULL,NULL,NULL,NULL,1,702.00,NULL,NULL,'2014-11-28','2014-11-04 12:06:20','2014-12-01 12:40:53'),
	(184,9,8,'Breed Artist Content Updates (November 2014) Q4',NULL,NULL,NULL,25,NULL,8,100,NULL,NULL,NULL,NULL,1,450.00,NULL,NULL,'2014-11-28','2014-11-04 12:35:39','2014-12-01 12:50:58'),
	(185,3,29,'Nissan New Juke Email (November 2014) Q4',NULL,NULL,NULL,50,NULL,1,0,NULL,NULL,NULL,NULL,1,504.00,NULL,NULL,NULL,'2014-11-06 18:25:49','2014-11-06 18:47:44'),
	(186,3,59,'Nissan Leaf Loan HTML (November 2014) Q4',NULL,NULL,NULL,50,NULL,10,0,NULL,NULL,NULL,NULL,1,504.00,NULL,NULL,NULL,'2014-11-10 16:35:50','2014-11-12 15:58:15'),
	(187,7,12,'Croatia Rocks Site Creation (November 2014) Q4',NULL,NULL,NULL,50,NULL,8,100,NULL,NULL,NULL,NULL,1,1110.00,NULL,NULL,'2014-11-28','2014-11-10 16:45:15','2014-12-01 12:40:14'),
	(188,3,3,'Nissan Lapsed Service & MOT Emails (November 2014) Q4',NULL,NULL,NULL,50,NULL,8,100,NULL,NULL,NULL,NULL,1,900.00,NULL,NULL,'2014-12-02','2014-11-13 15:50:15','2014-12-03 15:02:35'),
	(189,3,4,'Nissan Starters and Alternators version 2 (November 2014) Q4',NULL,NULL,NULL,50,NULL,8,100,NULL,NULL,NULL,NULL,1,180.00,NULL,NULL,'2014-12-24','2014-11-13 15:56:01','2014-12-31 12:11:34'),
	(190,3,4,'Nissan Brake Pads and Discs version 2 (December 2014) Q4',NULL,NULL,NULL,50,NULL,8,100,NULL,NULL,NULL,NULL,1,180.00,NULL,NULL,'2014-12-24','2014-11-13 16:02:51','2014-12-31 12:11:49'),
	(191,3,4,'Nissan eNewsletter Emails (November 2014) Q4',NULL,NULL,NULL,50,NULL,8,100,NULL,NULL,NULL,NULL,1,252.00,NULL,NULL,'2014-12-24','2014-11-13 16:09:19','2014-12-31 12:12:53'),
	(192,3,4,'Nissan Love2shop emails (November 2014) Q4',NULL,NULL,NULL,50,NULL,8,100,NULL,NULL,NULL,NULL,1,576.00,NULL,NULL,'2014-12-24','2014-11-13 16:12:49','2014-12-31 12:13:05'),
	(193,3,4,'Nissan Mechanical Parts Emails (December 2014) Q4',NULL,NULL,NULL,50,NULL,8,100,NULL,NULL,NULL,NULL,1,360.00,NULL,NULL,'2014-12-24','2014-11-13 16:22:30','2014-12-31 12:13:14'),
	(194,3,4,'Nissan Service Kits emails (November 2014) Q4',NULL,NULL,NULL,50,NULL,1,0,NULL,NULL,NULL,NULL,1,252.00,NULL,NULL,NULL,'2014-11-13 16:26:22','2015-01-06 11:46:23'),
	(195,5,7,'Coppafeel Gallery (November 2014) Q4',NULL,NULL,NULL,50,NULL,4,0,NULL,NULL,NULL,NULL,1,1749.50,NULL,NULL,NULL,'2014-11-18 12:10:30','2014-12-04 13:05:24'),
	(197,2,64,'Cunard Wave Campaign (November 2014) Q4',NULL,NULL,NULL,80,NULL,10,0,NULL,NULL,NULL,NULL,1,NULL,NULL,NULL,NULL,'2014-11-26 13:37:56','2014-12-12 19:41:55'),
	(198,2,24,'Cunard Banners Christmas Amends (December 2014) Q4',NULL,NULL,NULL,60,NULL,10,0,NULL,NULL,NULL,NULL,1,1200.00,NULL,NULL,NULL,'2014-12-03 13:52:30','2014-12-04 15:41:11'),
	(199,3,4,'Aftersales Survey Email (December 2014) Q4',NULL,NULL,NULL,50,NULL,1,0,NULL,NULL,NULL,NULL,1,206.26,NULL,NULL,NULL,'2014-12-04 15:33:11','2014-12-04 15:40:37'),
	(200,5,7,'#whatnormalfeelslike Campaign',NULL,NULL,NULL,75,'AT, SJ',1,0,NULL,NULL,NULL,NULL,1,2475.00,36,NULL,NULL,'2014-12-12 19:44:20','2014-12-12 19:45:49'),
	(201,11,57,'French Imbruvica eDetail',NULL,NULL,NULL,25,'AT, SJ',1,0,NULL,NULL,NULL,NULL,1,5500.00,NULL,NULL,NULL,'2014-12-12 19:46:44','2014-12-12 19:47:52'),
	(202,14,15,'GPStudio Quarterly MailChimp Mailer',NULL,NULL,NULL,75,'DB, AT',3,0,NULL,NULL,NULL,NULL,1,875.00,NULL,NULL,NULL,'2014-12-12 19:49:11','2014-12-15 14:36:17'),
	(203,25,32,'Vitality Run Series Website Updates Q4 2014',NULL,NULL,NULL,75,'DB',4,0,NULL,NULL,NULL,NULL,1,437.50,NULL,NULL,NULL,'2014-12-12 19:50:41','2014-12-12 19:51:08'),
	(204,14,15,'Gulfstream Website: Annual Social Media Management',NULL,NULL,NULL,50,'AT, DB, CB',1,0,NULL,NULL,NULL,NULL,1,12300.00,NULL,NULL,NULL,'2014-12-12 19:53:16','2014-12-12 19:53:37'),
	(205,3,54,'3 x Product Offer Emails (Dec 2014)','2014-12-18',NULL,NULL,75,'DB, AT',1,0,NULL,NULL,NULL,NULL,1,1500.00,NULL,NULL,NULL,'2014-12-15 18:47:32','2014-12-15 18:47:54'),
	(206,3,54,'Nissan Christmas Card HTML Build','2014-12-16','2014-12-17',NULL,75,'DB, AT',1,0,NULL,NULL,NULL,NULL,1,156.25,NULL,NULL,NULL,'2014-12-15 18:48:44','2014-12-15 18:48:56'),
	(207,39,65,'Borough Kitchen Website Rebuild',NULL,NULL,NULL,50,'SJ, KAT, AT',1,0,NULL,NULL,NULL,NULL,1,21500.00,NULL,NULL,NULL,'2014-12-15 18:53:16','2014-12-15 18:53:35'),
	(208,3,66,'Nissan Research Email (December 2014) Q4',NULL,'2014-12-23',NULL,50,NULL,8,100,NULL,NULL,NULL,NULL,1,712.50,NULL,NULL,'2014-12-24','2014-12-19 13:56:24','2015-01-02 11:50:33'),
	(209,3,4,'Nissan Southend Bespoke Emails (December 2014) Q4',NULL,'2014-12-24',NULL,NULL,NULL,8,100,NULL,NULL,NULL,NULL,1,900.00,NULL,NULL,'2014-12-24','2014-12-22 14:22:31','2015-01-05 11:57:29'),
	(210,3,67,'Accessory Employee HTML Updates x5',NULL,NULL,NULL,NULL,NULL,9,0,NULL,NULL,NULL,NULL,1,1275.00,NULL,NULL,NULL,'2015-01-05 12:00:46','2015-01-06 13:23:58');

/*!40000 ALTER TABLE `projects` ENABLE KEYS */;
UNLOCK TABLES;


# Dump of table roles
# ------------------------------------------------------------

DROP TABLE IF EXISTS `roles`;

CREATE TABLE `roles` (
  `id` int(10) unsigned NOT NULL AUTO_INCREMENT,
  `name` varchar(255) COLLATE utf8_unicode_ci NOT NULL,
  `created_at` timestamp NOT NULL DEFAULT '0000-00-00 00:00:00',
  `updated_at` timestamp NOT NULL DEFAULT '0000-00-00 00:00:00',
  PRIMARY KEY (`id`)
) ENGINE=InnoDB DEFAULT CHARSET=utf8 COLLATE=utf8_unicode_ci;

LOCK TABLES `roles` WRITE;
/*!40000 ALTER TABLE `roles` DISABLE KEYS */;

INSERT INTO `roles` (`id`, `name`, `created_at`, `updated_at`)
VALUES
	(1,'Super Admin','0000-00-00 00:00:00','0000-00-00 00:00:00'),
	(2,'Admin','0000-00-00 00:00:00','0000-00-00 00:00:00'),
	(3,'Editor','0000-00-00 00:00:00','0000-00-00 00:00:00'),
	(4,'Viewer','0000-00-00 00:00:00','0000-00-00 00:00:00');

/*!40000 ALTER TABLE `roles` ENABLE KEYS */;
UNLOCK TABLES;


# Dump of table tasks
# ------------------------------------------------------------

DROP TABLE IF EXISTS `tasks`;

CREATE TABLE `tasks` (
  `id` int(10) unsigned NOT NULL AUTO_INCREMENT,
  `title` varchar(255) COLLATE utf8_unicode_ci NOT NULL,
  `note` text COLLATE utf8_unicode_ci,
  `user_id` int(11) NOT NULL,
  `due_date` datetime DEFAULT NULL,
  `complete` tinyint(1) NOT NULL DEFAULT '0',
  `created_at` timestamp NOT NULL DEFAULT '0000-00-00 00:00:00',
  `updated_at` timestamp NOT NULL DEFAULT '0000-00-00 00:00:00',
  PRIMARY KEY (`id`),
  KEY `tasks_title_index` (`title`),
  KEY `tasks_user_id_index` (`user_id`)
) ENGINE=InnoDB DEFAULT CHARSET=utf8 COLLATE=utf8_unicode_ci;



# Dump of table updates
# ------------------------------------------------------------

DROP TABLE IF EXISTS `updates`;

CREATE TABLE `updates` (
  `id` int(10) unsigned NOT NULL AUTO_INCREMENT,
  `user_id` int(11) NOT NULL,
  `message` text COLLATE utf8_unicode_ci,
  `created_at` timestamp NOT NULL DEFAULT '0000-00-00 00:00:00',
  `updated_at` timestamp NOT NULL DEFAULT '0000-00-00 00:00:00',
  PRIMARY KEY (`id`)
) ENGINE=InnoDB DEFAULT CHARSET=utf8 COLLATE=utf8_unicode_ci;

LOCK TABLES `updates` WRITE;
/*!40000 ALTER TABLE `updates` DISABLE KEYS */;

INSERT INTO `updates` (`id`, `user_id`, `message`, `created_at`, `updated_at`)
VALUES
	(2,1,'Alex updated project Nissan Love2Shop (August 2014) Q3','2014-09-01 23:02:28','2014-09-01 23:02:28'),
	(3,1,'Alex updated project Cunard Digital Campaign (September 2014) Q3','2014-09-01 23:02:55','2014-09-01 23:02:55'),
	(4,1,'Alex updated project Coppafeel WhatNormalFeelsLike','2014-09-02 10:03:57','2014-09-02 10:03:57'),
	(5,1,'Alex updated project Cunard Digital Campaign (September 2014) Q3','2014-09-02 10:54:52','2014-09-02 10:54:52'),
	(20,1,'Alex changed value to 504 - project phase to Build - on Nissan X-Trail (August 2014) Q3','2014-09-03 11:20:25','2014-09-03 11:20:25'),
	(21,1,'Alex updated Invoice #995 - status to Estimate Signed Off on Nissan X-Trail (August 2014) Q3','2014-09-03 11:21:04','2014-09-03 11:21:04'),
	(22,1,'Alex created new project Imbruvica PSP EDetailer UK (September 2014) Q3','2014-09-03 16:03:46','2014-09-03 16:03:46'),
	(23,1,'Alex created a new Invoice - #1000, valued at £1224 for project Imbruvica PSP EDetailer UK (September 2014) Q3','2014-09-03 16:08:26','2014-09-03 16:08:26'),
	(24,1,'Alex changed value to 1224 - on Imbruvica PSP EDetailer UK (September 2014) Q3','2014-09-03 16:08:34','2014-09-03 16:08:34'),
	(25,1,'Alex added a note to Imbruvica iRep App - UK & Extras','2014-09-04 14:50:00','2014-09-04 14:50:00'),
	(26,1,'Alex changed value to 5500 - project phase to Rejected - on Virgin Money Giving Project','2014-09-04 14:50:08','2014-09-04 14:50:08'),
	(27,1,'Alex created new project Lima London New Pages (September 2014) Q3','2014-09-04 15:57:52','2014-09-04 15:57:52'),
	(28,1,'Alex created new project Cunard Digital Campaign (September 2014) Q3','2014-09-05 13:56:08','2014-09-05 13:56:08'),
	(29,1,'Alex deleted project Cunard Digital Campaign (September 2014) Q3','2014-09-05 13:56:54','2014-09-05 13:56:54'),
	(30,1,'Alex updated Invoice #976 - status to Invoice Sent on Cunard Digital Campaign (September 2014) Q3','2014-09-05 13:58:04','2014-09-05 13:58:04'),
	(31,1,'Alex added a note to New emails for Olga','2014-09-05 13:58:59','2014-09-05 13:58:59'),
	(32,1,'Alex added a note to Responsive Ecommerce Website','2014-09-08 10:26:35','2014-09-08 10:26:35'),
	(33,1,'Alex created a new Invoice - #1001, valued at £660 for project Lima London New Pages (September 2014) Q3','2014-09-08 10:31:08','2014-09-08 10:31:08'),
	(34,1,'Alex created a new Invoice - #1003, valued at £330 for project Lima London New Pages (September 2014) Q3','2014-09-08 10:32:30','2014-09-08 10:32:30'),
	(35,1,'Alex created new project Oakley Dealers Multi-lingual Webpage Redirect Mobile (September 2014) Q3','2014-09-08 11:17:45','2014-09-08 11:17:45'),
	(36,1,'Alex created a new Estimate - #1004, valued at £690 for project Oakley Dealers Multi-lingual Webpage Redirect Mobile (September 2014) Q3','2014-09-08 11:18:37','2014-09-08 11:18:37'),
	(37,1,'Alex updated Invoice #994 - status to Estimate Sent on Nissan Marketing Service Email (August 2014) Q3','2014-09-08 13:28:21','2014-09-08 13:28:21'),
	(38,1,'Alex created new project Nissan Trade Emails x 5 (Sepember 2014) Q3','2014-09-09 12:05:51','2014-09-09 12:05:51'),
	(39,1,'Alex created a new Invoice - #1004, valued at £1038 for project Nissan Trade Emails x 5 (Sepember 2014) Q3','2014-09-09 12:06:03','2014-09-09 12:06:03'),
	(40,1,'Alex updated Invoice #1006 - reference to 1006 on Nissan Trade Emails x 5 (Sepember 2014) Q3','2014-09-09 12:07:49','2014-09-09 12:07:49'),
	(41,1,'Alex created new project Nissan Juke Accessories (September 2014) Q3 →','2014-09-09 12:36:29','2014-09-09 12:36:29'),
	(42,1,'Alex created a new Invoice - #1007, valued at £468 for project Nissan Juke Accessories (September 2014) Q3 →','2014-09-09 12:37:07','2014-09-09 12:37:07'),
	(43,1,'Alex changed name to Nissan Juke Accessories (September 2014) Q3 - value to 468 - on Nissan Juke Accessories (September 2014) Q3','2014-09-09 12:37:45','2014-09-09 12:37:45'),
	(44,1,'Alex updated Invoice #1007 - status to Estimate Signed Off on Nissan Juke Accessories (September 2014) Q3','2014-09-09 14:37:42','2014-09-09 14:37:42'),
	(45,1,'Alex changed resource to Danny - value to 468 - project phase to Build - on Nissan Juke Accessories (September 2014) Q3','2014-09-09 14:38:13','2014-09-09 14:38:13'),
	(46,1,'Alex changed value to 1038 - project phase to Build - on Nissan Trade Emails x 5 (Sepember 2014) Q3','2014-09-10 13:36:14','2014-09-10 13:36:14'),
	(47,1,'Alex created new project Nissan Pulsar Pre-launch Email (September 2014) Q3','2014-09-11 14:05:17','2014-09-11 14:05:17'),
	(48,1,'Alex created a new Invoice - #1008, valued at £651.60 for project Nissan Pulsar Pre-launch Email (September 2014) Q3','2014-09-11 14:09:20','2014-09-11 14:09:20'),
	(49,1,'Alex changed project phase to Build - contact to Simon Kentish - on Nissan Pulsar Pre-launch Email (September 2014) Q3','2014-09-11 14:35:18','2014-09-11 14:35:18'),
	(50,1,'Alex changed value to 651.6 - estimated_development_time to 9 - on Nissan Pulsar Pre-launch Email (September 2014) Q3','2014-09-11 14:35:44','2014-09-11 14:35:44'),
	(51,1,'Alex created new project Cunard Banners (September 2014) Q3','2014-09-12 09:16:34','2014-09-12 09:16:34'),
	(52,1,'Alex created a new Invoice - #1010, valued at £ for project Cunard Banners (September 2014) Q3','2014-09-12 10:07:46','2014-09-12 10:07:46'),
	(53,1,'Alex changed project phase to Build - on Cunard Banners (September 2014) Q3','2014-09-12 10:08:02','2014-09-12 10:08:02'),
	(54,1,'Alex changed name to Cunard HPTO (September 2014) Q3 - percentage_complete to 25 - on Cunard HPTO (September 2014) Q3','2014-09-12 10:10:00','2014-09-12 10:10:00'),
	(55,1,'Alex created a new Estimate - #1011, valued at £ for project Cunard HPTO (September 2014) Q3','2014-09-12 10:15:49','2014-09-12 10:15:49'),
	(56,1,'Alex changed name to Cunard Cascade Banner (September 2014) Q3 - project phase to Design - on Cunard Cascade Banner (September 2014) Q3','2014-09-12 10:16:17','2014-09-12 10:16:17'),
	(57,1,'Alex changed project phase to Design - on Cunard HPTO (September 2014) Q3','2014-09-12 10:16:28','2014-09-12 10:16:28'),
	(58,1,'Alex deleted project Cunard Cascade Banner (September 2014) Q3','2014-09-12 10:20:47','2014-09-12 10:20:47'),
	(59,1,'Alex changed name to Cunard HPTO & Cascade (September 2014) Q3 - on Cunard HPTO & Cascade (September 2014) Q3','2014-09-12 10:20:58','2014-09-12 10:20:58'),
	(60,1,'Alex changed due_date to 2014-09-17 - likelihood to 80 - value to 1224 - on Imbruvica PSP EDetailer UK (September 2014) Q3','2014-09-12 12:41:45','2014-09-12 12:41:45'),
	(61,1,'Alex updated Invoice #1000 - status to Estimate Signed Off on Imbruvica PSP EDetailer UK (September 2014) Q3','2014-09-16 09:33:22','2014-09-16 09:33:22'),
	(62,1,'Alex changed resource to Alex - value to 1224 - project phase to Build - on Imbruvica PSP EDetailer UK (September 2014) Q3','2014-09-16 09:33:35','2014-09-16 09:33:35'),
	(63,1,'Alex updated Invoice #1010 - value to 7488 on Cunard Banners (September 2014) Q3','2014-09-16 12:42:53','2014-09-16 12:42:53'),
	(64,1,'Alex changed value to 7488 - on Cunard Banners (September 2014) Q3','2014-09-16 12:42:57','2014-09-16 12:42:57'),
	(65,1,'Alex updated Invoice #1011 - value to 7560 on Cunard HPTO & Cascade (September 2014) Q3','2014-09-16 12:45:05','2014-09-16 12:45:05'),
	(66,1,'Alex changed value to 7560 - on Cunard HPTO & Cascade (September 2014) Q3','2014-09-16 12:45:09','2014-09-16 12:45:09'),
	(67,1,'Alex created new project 201409 iConnect Pre-luanch Emails (September 2014) Q3','2014-09-16 12:49:50','2014-09-16 12:49:50'),
	(68,1,'Alex created a new Invoice - #1012, valued at £1296 for project 201409 iConnect Pre-luanch Emails (September 2014) Q3','2014-09-16 12:58:06','2014-09-16 12:58:06'),
	(69,1,'Alex created new project Nissan Leaf Electric HTML Only (September 2013) Q3','2014-09-16 13:12:54','2014-09-16 13:12:54'),
	(70,1,'Alex created new contact Sara Crosbie','2014-09-16 13:13:47','2014-09-16 13:13:47'),
	(71,1,'Alex changed due_date to 2014-09-19 - likelihood to 50 - resource to DAnny - on Nissan Leaf Electric HTML Only (September 2013) Q3','2014-09-16 13:14:04','2014-09-16 13:14:04'),
	(72,1,'Alex changed value to 684 - project phase to Build - on Nissan Marketing Service Email (August 2014) Q3','2014-09-19 13:09:49','2014-09-19 13:09:49'),
	(73,1,'Alex created new project Nissan Jenny Jones Juke (September 2014) Q3','2014-09-19 14:58:52','2014-09-19 14:58:52'),
	(74,1,'Alex updated Invoice #994 - status to Estimate Signed Off on Nissan Marketing Service Email (August 2014) Q3','2014-09-19 15:28:19','2014-09-19 15:28:19'),
	(75,1,'Alex created new project Cunard New York Sales Banners (September 2013) Q3','2014-09-23 09:40:44','2014-09-23 09:40:44'),
	(76,1,'Alex created a new Invoice - #1015, valued at £1872 for project Cunard New York Sales Banners (September 2013) Q3','2014-09-23 09:47:45','2014-09-23 09:47:45'),
	(77,1,'Alex created a new Invoice - #1016, valued at £654 for project Nissan Jenny Jones Juke (September 2014) Q3','2014-09-23 09:53:19','2014-09-23 09:53:19'),
	(78,1,'Alex updated Invoice #1007 - reference to 1007 - link to https://diginutltd.freeagent.com/estimates/712811 - value to 468 on Nissan Jenny Jones Juke (September 2014) Q3','2014-09-23 10:10:40','2014-09-23 10:10:40'),
	(79,1,'Alex changed value to 468 - on Nissan Jenny Jones Juke (September 2014) Q3','2014-09-23 10:10:47','2014-09-23 10:10:47'),
	(80,1,'Alex changed value to 468 - project phase to Build - on Nissan Jenny Jones Juke (September 2014) Q3','2014-09-23 10:10:54','2014-09-23 10:10:54'),
	(81,1,'Alex added a note to NIRDP WordPress Theme','2014-09-23 10:15:45','2014-09-23 10:15:45'),
	(82,1,'Alex changed project phase to Rejected - on Cunard New York Sales Banners (September 2013) Q3','2014-09-23 10:15:55','2014-09-23 10:15:55'),
	(83,1,'Alex created new project Nissan Pulsar Email (September 2014) Q3','2014-09-25 08:25:20','2014-09-25 08:25:20'),
	(84,1,'Alex created a new Invoice - #1016, valued at £432 for project Nissan Pulsar Email (September 2014) Q3','2014-09-25 09:39:38','2014-09-25 09:39:38'),
	(85,1,'Alex changed value to 432 - on Nissan Pulsar Email (September 2014) Q3','2014-09-25 09:39:43','2014-09-25 09:39:43'),
	(86,1,'Alex created new project Nissan Love2shop (September 2014) Q3','2014-09-25 10:10:21','2014-09-25 10:10:21'),
	(87,1,'Alex updated Invoice #1016 - status to Estimate Sent on Nissan Pulsar Email (September 2014) Q3','2014-09-25 10:22:52','2014-09-25 10:22:52'),
	(88,1,'Alex updated Invoice #1012 - value to 1728 on 201409 iConnect Pre-luanch Emails (September 2014) Q3','2014-09-25 10:37:40','2014-09-25 10:37:40'),
	(89,1,'Alex changed resource to Alex, Mark - percentage_complete to 95 - value to 1728 - project phase to Build - on 201409 iConnect Pre-luanch Emails (September 2014) Q3','2014-09-25 10:37:59','2014-09-25 10:37:59'),
	(90,1,'Alex created new project Nissan Pulsar HTML Only (September 2014) Q3','2014-09-25 10:46:50','2014-09-25 10:46:50'),
	(91,1,'Alex created a new Invoice - #1017, valued at £288 for project Nissan Pulsar HTML Only (September 2014) Q3','2014-09-25 10:49:03','2014-09-25 10:49:03'),
	(92,1,'Alex changed value to 288 - on Nissan Pulsar HTML Only (September 2014) Q3','2014-09-25 10:49:09','2014-09-25 10:49:09'),
	(93,1,'Alex created a new Invoice - #1018, valued at £324 for project Nissan Love2shop (September 2014) Q3','2014-09-25 10:54:58','2014-09-25 10:54:58'),
	(94,1,'Alex changed value to 324 - contact to Simon Kentish - on Nissan Love2shop (September 2014) Q3','2014-09-25 10:55:03','2014-09-25 10:55:03'),
	(95,1,'Alex changed value to 324 - client to TBWA - contact to Olga Bortkevica - on Nissan Love2shop (September 2014) Q3','2014-09-25 10:55:11','2014-09-25 10:55:11'),
	(96,1,'Alex changed name to Nissan Love2shop (February 2015) Q1 - value to 324 - on Nissan Love2shop (February 2015) Q1','2014-09-25 10:55:45','2014-09-25 10:55:45'),
	(97,1,'Alex created a new Invoice - #1019, valued at £324 for project Nissan Love2shop (February 2015) Q1','2014-09-25 10:56:52','2014-09-25 10:56:52'),
	(98,1,'Alex created new project Nissan Newsletter (February 2015) Q1','2014-09-25 10:58:07','2014-09-25 10:58:07'),
	(99,1,'Alex changed name to Nissan Newsletter HTML Only Email (February 2015) Q1 - on Nissan Newsletter HTML Only Email (February 2015) Q1','2014-09-25 10:58:21','2014-09-25 10:58:21'),
	(100,1,'Alex created a new Invoice - #1020, valued at £180 for project Nissan Newsletter HTML Only Email (February 2015) Q1','2014-09-25 11:00:44','2014-09-25 11:00:44'),
	(101,1,'Alex changed due_date to 2015-02-01 - value to 180 - on Nissan Newsletter HTML Only Email (February 2015) Q1','2014-09-25 11:00:57','2014-09-25 11:00:57'),
	(102,1,'Alex created new project Brake Pads, Discs and Cleaner HTML (November 2014) Q4','2014-09-25 11:08:19','2014-09-25 11:08:19'),
	(103,1,'Alex created a new Invoice - #1021, valued at £324 for project Brake Pads, Discs and Cleaner HTML (November 2014) Q4','2014-09-25 11:10:52','2014-09-25 11:10:52'),
	(104,1,'Alex updated Invoice #1021 on Brake Pads, Discs and Cleaner HTML (November 2014) Q4','2014-09-25 11:11:05','2014-09-25 11:11:05'),
	(105,1,'Alex changed name to Nissan Brake Pads, Discs and Cleaner HTML (November 2014) Q4 - value to 324 - on Nissan Brake Pads, Discs and Cleaner HTML (November 2014) Q4','2014-09-25 11:11:18','2014-09-25 11:11:18'),
	(106,1,'Alex created new project Nissan Wipers and Screen Wash HTML (November 2014) Q4','2014-09-25 11:12:01','2014-09-25 11:12:01'),
	(107,1,'Alex created a new Invoice - #1022, valued at £324 for project Nissan Wipers and Screen Wash HTML (November 2014) Q4','2014-09-25 11:12:55','2014-09-25 11:12:55'),
	(108,1,'Alex changed likelihood to 50 - value to 324 - on Nissan Wipers and Screen Wash HTML (November 2014) Q4','2014-09-25 11:13:03','2014-09-25 11:13:03'),
	(109,1,'Alex changed name to Nissan Starters and Alternators HTML (December 2014) Q4 - due_date to 2014-12-01 - value to 324 - on Nissan Starters and Alternators HTML (December 2014) Q4','2014-09-25 11:13:45','2014-09-25 11:13:45'),
	(110,1,'Alex created a new Invoice - #1023, valued at £324 for project Nissan Starters and Alternators HTML (December 2014) Q4','2014-09-25 11:14:43','2014-09-25 11:14:43'),
	(111,1,'Alex created new project Nissan Antifreeze Email (September 2014) Q3','2014-09-29 12:47:35','2014-09-29 12:47:35'),
	(112,1,'Alex created new project Nissan Mechanical Parts (September 2014) Q3','2014-09-29 12:51:08','2014-09-29 12:51:08'),
	(113,1,'Alex created a new Invoice - #1025, valued at £324 for project Nissan Mechanical Parts (September 2014) Q3','2014-09-29 12:51:24','2014-09-29 12:51:24'),
	(114,1,'Alex created a new Estimate - #1024, valued at £324 for project Nissan Antifreeze Email (September 2014) Q3','2014-09-29 12:52:17','2014-09-29 12:52:17'),
	(115,1,'Alex changed value to 324 - on Nissan Antifreeze Email (September 2014) Q3','2014-09-29 12:52:23','2014-09-29 12:52:23'),
	(116,1,'Alex created new project Cunard Dynamic Banner Backup GIFs (September 2014) Q3','2014-09-29 14:01:49','2014-09-29 14:01:49'),
	(117,1,'Alex created a new Estimate - #1026, valued at £324 for project Cunard Dynamic Banner Backup GIFs (September 2014) Q3','2014-09-29 14:02:03','2014-09-29 14:02:03'),
	(118,1,'Alex updated Invoice #1024 - value to 252 on Nissan Antifreeze Email (September 2014) Q3','2014-09-29 15:20:07','2014-09-29 15:20:07'),
	(119,1,'Alex changed value to 252 - on Nissan Antifreeze Email (September 2014) Q3','2014-09-29 15:20:16','2014-09-29 15:20:16'),
	(120,1,'Alex updated Invoice #991 - value to 3888 on Imbruvica UK Sales Aid (August 2014) Q3','2014-09-30 15:03:25','2014-09-30 15:03:25'),
	(121,1,'Alex changed value to 3888 - project phase to Build - on Imbruvica UK Sales Aid (August 2014) Q3','2014-09-30 15:03:36','2014-09-30 15:03:36'),
	(122,1,'Alex created new project 300980 Nissan CARED4 Email (October 2014) Q4','2014-10-01 09:18:25','2014-10-01 09:18:25'),
	(123,1,'Alex created a new Invoice - #1027, valued at £288 for project 300980 Nissan CARED4 Email (October 2014) Q4','2014-10-01 09:22:54','2014-10-01 09:22:54'),
	(124,1,'Alex changed likelihood to 50 - value to 288 - on 300980 Nissan CARED4 Email (October 2014) Q4','2014-10-01 09:23:06','2014-10-01 09:23:06'),
	(125,1,'Alex created new project Nissan Legals Update (October 2014) Q4','2014-10-01 09:33:12','2014-10-01 09:33:12'),
	(126,1,'Alex created a new Estimate - #1028, valued at £450 for project Nissan Legals Update (October 2014) Q4','2014-10-01 09:36:53','2014-10-01 09:36:53'),
	(127,1,'Alex updated Invoice #1028 - status to Estimate Sent on Nissan Legals Update (October 2014) Q4','2014-10-01 09:36:58','2014-10-01 09:36:58'),
	(128,1,'Alex changed likelihood to 50 - value to 450 - on Nissan Legals Update (October 2014) Q4','2014-10-01 09:37:05','2014-10-01 09:37:05'),
	(129,1,'Alex created new contact Jessica Croucher','2014-10-01 09:37:46','2014-10-01 09:37:46'),
	(130,1,'Alex changed value to 450 - contact to Jessica Croucher - on Nissan Legals Update (October 2014) Q4','2014-10-01 09:37:57','2014-10-01 09:37:57'),
	(131,1,'Alex created new project Nissan Winter Check (October 2014) Q4','2014-10-01 09:57:09','2014-10-01 09:57:09'),
	(132,1,'Alex created a new Invoice - #1029, valued at £270 for project Nissan Winter Check (October 2014) Q4','2014-10-01 09:59:18','2014-10-01 09:59:18'),
	(133,1,'Alex changed value to 270 - on Nissan Winter Check (October 2014) Q4','2014-10-01 09:59:22','2014-10-01 09:59:22'),
	(134,3,'Danny created a new Invoice - #1057, valued at £1728.00 for project 201409 iConnect Pre-luanch Emails (September 2014) Q3','2014-10-03 09:18:10','2014-10-03 09:18:10'),
	(135,3,'Danny changed value to 1728 - project phase to Support - on 201409 iConnect Pre-luanch Emails (September 2014) Q3','2014-10-03 09:18:22','2014-10-03 09:18:22'),
	(136,3,'Danny created a new Invoice - #1058, valued at £7488 for project Cunard Banners (September 2014) Q3','2014-10-03 09:21:20','2014-10-03 09:21:20'),
	(137,3,'Danny changed value to 7488 - project phase to Support - on Cunard Banners (September 2014) Q3','2014-10-03 09:21:28','2014-10-03 09:21:28'),
	(138,3,'Danny created a new Invoice - #1059, valued at £7560 for project Cunard HPTO & Cascade (September 2014) Q3','2014-10-03 09:23:39','2014-10-03 09:23:39'),
	(139,3,'Danny changed value to 7560 - project phase to Support - on Cunard HPTO & Cascade (September 2014) Q3','2014-10-03 09:23:44','2014-10-03 09:23:44'),
	(140,3,'Danny created a new Invoice - #1060, valued at £1575 for project Imbruvica PSP EDetailer UK (September 2014) Q3','2014-10-03 09:26:24','2014-10-03 09:26:24'),
	(141,3,'Danny changed value to 1224 - project phase to Support - on Imbruvica PSP EDetailer UK (September 2014) Q3','2014-10-03 09:26:28','2014-10-03 09:26:28'),
	(142,1,'Alex changed value to 288 - project phase to Build - on 300980 Nissan CARED4 Email (October 2014) Q4','2014-10-06 08:58:37','2014-10-06 08:58:37'),
	(143,3,'Danny changed project phase to Support - on Oakley Dealers Multi-lingual Webpage Redirect Mobile (September 2014) Q3','2014-10-06 08:59:14','2014-10-06 08:59:14'),
	(144,3,'Danny changed project phase to Pipeline - on Oakley Dealers Multi-lingual Webpage Redirect Mobile (September 2014) Q3','2014-10-06 09:00:22','2014-10-06 09:00:22'),
	(145,3,'Danny changed resource to Danny - on Nissan Leaf Electric HTML Only (September 2013) Q3','2014-10-06 09:01:36','2014-10-06 09:01:36'),
	(146,3,'Danny changed project phase to Build - on Lima London New Pages (September 2014) Q3','2014-10-06 09:05:44','2014-10-06 09:05:44'),
	(147,3,'Danny changed value to 19000 - project phase to Build - on Janssen Pro Portal Build','2014-10-06 09:07:36','2014-10-06 09:07:36'),
	(148,3,'Danny changed value to 18400 - project phase to Build - on iRep Detail Aid Localisation Solution','2014-10-06 09:10:34','2014-10-06 09:10:34'),
	(149,3,'Danny changed value to 14375 - project phase to Build - on EMEA Imbruvica iRep App Updates (HTML 3)','2014-10-06 09:11:29','2014-10-06 09:11:29'),
	(150,3,'Danny added a note to Nissan Leaf Email (May 2014)','2014-10-06 09:17:05','2014-10-06 09:17:05'),
	(151,3,'Danny changed value to 1584 - project phase to On Hold - on Adidas CRP Site amends','2014-10-06 09:17:08','2014-10-06 09:17:08'),
	(152,3,'Danny added a note to Child Poverty Action Group New Website','2014-10-06 09:17:26','2014-10-06 09:17:26'),
	(153,3,'Danny changed value to 10080 - project phase to On Hold - on Ecalta iRep Detail Aid','2014-10-06 09:17:27','2014-10-06 09:17:27'),
	(154,3,'Danny added a note to Nissan Juke Email Q3 2014','2014-10-06 09:17:36','2014-10-06 09:17:36'),
	(155,3,'Danny changed value to 8400 - project phase to On Hold - on Vfend iRep Detail Aid','2014-10-06 09:17:39','2014-10-06 09:17:39'),
	(156,3,'Danny added a note to Games & Digital Content','2014-10-06 09:18:08','2014-10-06 09:18:08'),
	(157,3,'Danny changed value to 2484 - project phase to Rejected - on Wordpress Update','2014-10-06 09:18:10','2014-10-06 09:18:10'),
	(158,3,'Danny changed value to 20736 - project phase to Support - on Dinner Set','2014-10-06 09:26:37','2014-10-06 09:26:37'),
	(159,3,'Danny changed percentage_complete to 100 - value to 468 - on Nissan Jenny Jones Juke (September 2014) Q3','2014-10-06 09:26:52','2014-10-06 09:26:52'),
	(160,3,'Danny changed percentage_complete to 95 - value to 7560 - on Cunard HPTO & Cascade (September 2014) Q3','2014-10-06 09:27:03','2014-10-06 09:27:03'),
	(161,3,'Danny changed percentage_complete to 95 - value to 7488 - on Cunard Banners (September 2014) Q3','2014-10-06 09:27:15','2014-10-06 09:27:15'),
	(162,3,'Danny changed percentage_complete to 100 - value to 651.6 - on Nissan Pulsar Pre-launch Email (September 2014) Q3','2014-10-06 09:27:33','2014-10-06 09:27:33'),
	(163,3,'Danny changed percentage_complete to 100 - value to 468 - on Nissan Juke Accessories (September 2014) Q3','2014-10-06 09:27:46','2014-10-06 09:27:46'),
	(164,3,'Danny changed percentage_complete to 100 - value to 1038 - on Nissan Trade Emails x 5 (Sepember 2014) Q3','2014-10-06 09:27:54','2014-10-06 09:27:54'),
	(165,3,'Danny changed percentage_complete to 75 - on Lima London New Pages (September 2014) Q3','2014-10-06 09:28:01','2014-10-06 09:28:01'),
	(166,3,'Danny changed percentage_complete to 100 - value to 1224 - on Imbruvica PSP EDetailer UK (September 2014) Q3','2014-10-06 09:28:13','2014-10-06 09:28:13'),
	(167,3,'Danny changed percentage_complete to 100 - value to 504 - project phase to Support - on Nissan X-Trail (August 2014) Q3','2014-10-06 09:28:24','2014-10-06 09:28:24'),
	(168,3,'Danny changed percentage_complete to 100 - value to 360 - project phase to Support - on Nissan Antifreeze Email (August 2014) Q4','2014-10-06 09:28:44','2014-10-06 09:28:44'),
	(169,3,'Danny changed percentage_complete to 100 - value to 684 - project phase to Support - on Nissan Marketing Service Email (August 2014) Q3','2014-10-06 09:28:54','2014-10-06 09:28:54'),
	(170,3,'Danny changed percentage_complete to 5 - value to 3888 - on Imbruvica UK Sales Aid (August 2014) Q3','2014-10-06 09:29:09','2014-10-06 09:29:09'),
	(171,3,'Danny changed percentage_complete to 90 - value to 14375 - on EMEA Imbruvica iRep App Updates (HTML 3)','2014-10-06 09:29:22','2014-10-06 09:29:22'),
	(172,3,'Danny changed percentage_complete to 50 - value to 18400 - on iRep Detail Aid Localisation Solution','2014-10-06 09:29:46','2014-10-06 09:29:46'),
	(173,3,'Danny changed percentage_complete to 50 - value to 4750 - on SHP E-commerce Website (Phase 1)','2014-10-06 09:30:28','2014-10-06 09:30:28'),
	(174,3,'Danny changed percentage_complete to 5 - value to 19000 - on Janssen Pro Portal Build','2014-10-06 09:30:38','2014-10-06 09:30:38'),
	(175,3,'Danny changed percentage_complete to 15 - value to 13800 - on Brash Brands New Website','2014-10-06 09:30:55','2014-10-06 09:30:55'),
	(176,3,'Danny changed percentage_complete to 85 - value to 8792.4 - on Weekly Clean New Functionality','2014-10-06 09:31:12','2014-10-06 09:31:12'),
	(177,3,'Danny changed percentage_complete to 75 - value to 8792.4 - on Weekly Clean New Functionality','2014-10-06 09:31:24','2014-10-06 09:31:24'),
	(178,3,'Danny changed percentage_complete to 50 - value to 13298 - on Start JG Phase II Updates','2014-10-06 09:31:38','2014-10-06 09:31:38'),
	(179,3,'Danny changed percentage_complete to 100 - value to 20952 - project phase to Support - on Imbruvica iRep App','2014-10-06 09:34:14','2014-10-06 09:34:14'),
	(180,3,'Danny changed value to 8760 - on Centria','2014-10-06 09:34:35','2014-10-06 09:34:35'),
	(181,3,'Danny added a note to Low Emissions Vehicles site amends (June 2014)','2014-10-06 09:34:51','2014-10-06 09:34:51'),
	(182,3,'Danny changed value to 8760 - on Centria','2014-10-06 09:34:54','2014-10-06 09:34:54'),
	(183,3,'Danny changed percentage_complete to 100 - value to 20736 - on Dinner Set','2014-10-06 09:35:03','2014-10-06 09:35:03'),
	(184,3,'Danny changed percentage_complete to 75 - value to 22752 - on Ibiza Rocks','2014-10-06 09:35:15','2014-10-06 09:35:15'),
	(185,3,'Danny changed resource to Danny, Alex - value to 288 - on 300980 Nissan CARED4 Email (October 2014) Q4','2014-10-06 09:35:40','2014-10-06 09:35:40'),
	(186,1,'Alex created new project Nissan P4 Trade Newsletter (October 2014) Q4','2014-10-07 10:20:03','2014-10-07 10:20:03'),
	(187,1,'Alex changed golive_date to 2014-10-15 - on Nissan P4 Trade Newsletter (October 2014) Q4','2014-10-07 10:31:40','2014-10-07 10:31:40'),
	(188,1,'Alex created new project Nissan Trade Campaign Email (Octover 2014) Q4','2014-10-07 12:52:56','2014-10-07 12:52:56'),
	(189,1,'Alex changed name to Nissan Trade Campaign Email (October 2014) Q4 - on Nissan Trade Campaign Email (October 2014) Q4','2014-10-07 12:54:54','2014-10-07 12:54:54'),
	(190,1,'Alex created a new Estimate - #1031, valued at £382 for project Nissan Trade Campaign Email (October 2014) Q4','2014-10-07 12:56:08','2014-10-07 12:56:08'),
	(191,1,'Alex updated Invoice #1031 - status to Estimate Sent on Nissan Trade Campaign Email (October 2014) Q4','2014-10-07 12:56:13','2014-10-07 12:56:13'),
	(192,1,'Alex updated Invoice #1031 - value to 342.00 on Nissan Trade Campaign Email (October 2014) Q4','2014-10-07 12:56:21','2014-10-07 12:56:21'),
	(193,1,'Alex changed value to 342 - on Nissan Trade Campaign Email (October 2014) Q4','2014-10-07 12:56:25','2014-10-07 12:56:25'),
	(194,1,'Alex created a new Invoice - #1030, valued at £648 for project Nissan P4 Trade Newsletter (October 2014) Q4','2014-10-07 16:02:57','2014-10-07 16:02:57'),
	(195,1,'Alex changed value to 648 - on Nissan P4 Trade Newsletter (October 2014) Q4','2014-10-07 16:03:02','2014-10-07 16:03:02'),
	(196,1,'Alex changed name to Nissan Pulsar Email (October 2014) Q4 - value to 432 - on Nissan Pulsar Email (October 2014) Q4','2014-10-07 19:07:42','2014-10-07 19:07:42'),
	(197,1,'Alex created new contact David Owen','2014-10-07 19:09:11','2014-10-07 19:09:11'),
	(198,1,'Alex changed value to 432 - contact to David Owen - on Nissan Pulsar Email (October 2014) Q4','2014-10-07 19:10:00','2014-10-07 19:10:00'),
	(199,1,'Alex created a new Estimate - #1032, valued at £306 for project Nissan Pulsar Email (October 2014) Q4','2014-10-07 19:16:22','2014-10-07 19:16:22'),
	(200,1,'Alex changed value to 306 - on Nissan Pulsar Email (October 2014) Q4','2014-10-07 19:16:27','2014-10-07 19:16:27'),
	(201,1,'Alex changed golive_date to 2014-10-08 - value to 306 - on Nissan Pulsar Email (October 2014) Q4','2014-10-07 19:19:01','2014-10-07 19:19:01'),
	(202,3,'Danny changed percentage_complete to 75 - value to 3888 - on Imbruvica UK Sales Aid (August 2014) Q3','2014-10-08 15:47:42','2014-10-08 15:47:42'),
	(203,1,'Alex changed value to 342 - project phase to Build - on Nissan Mechanical Parts (September 2014) Q3','2014-10-09 13:02:06','2014-10-09 13:02:06'),
	(204,1,'Alex changed percentage_complete to 100 - value to 342 - on Nissan Mechanical Parts (September 2014) Q3','2014-10-09 13:02:44','2014-10-09 13:02:44'),
	(205,1,'Alex changed percentage_complete to 100 - value to 288 - on 300980 Nissan CARED4 Email (October 2014) Q4','2014-10-09 13:03:53','2014-10-09 13:03:53'),
	(206,1,'Alex changed percentage_complete to 100 - value to 324 - project phase to Build - on Nissan Love2shop (September 2014) Q3','2014-10-09 13:05:08','2014-10-09 13:05:08'),
	(207,1,'Alex changed percentage_complete to 100 - value to 252 - project phase to Build - on Nissan Antifreeze Email (September 2014) Q3','2014-10-09 13:06:32','2014-10-09 13:06:32'),
	(208,1,'Alex changed percentage_complete to 100 - value to 288 - project phase to Build - on Nissan Pulsar HTML Only (September 2014) Q3','2014-10-09 13:33:45','2014-10-09 13:33:45'),
	(209,1,'Alex updated Invoice #1028 - value to 612 on Nissan Legals Update (October 2014) Q4','2014-10-09 14:06:51','2014-10-09 14:06:51'),
	(210,1,'Alex changed value to 612 - on Nissan Legals Update (October 2014) Q4','2014-10-09 14:06:59','2014-10-09 14:06:59'),
	(211,1,'Alex changed golive_date to 2014-10-15 - value to 612 - project phase to Build - on Nissan Legals Update (October 2014) Q4','2014-10-09 14:41:39','2014-10-09 14:41:39'),
	(212,1,'Alex changed likelihood to 100 - value to 270 - project phase to Build - on Nissan Winter Check (October 2014) Q4','2014-10-09 16:16:08','2014-10-09 16:16:08'),
	(213,1,'Alex updated Invoice #1030 - value to 468 on Nissan P4 Trade Newsletter (October 2014) Q4','2014-10-10 10:11:21','2014-10-10 10:11:21'),
	(214,1,'Alex changed value to 468 - on Nissan P4 Trade Newsletter (October 2014) Q4','2014-10-10 10:11:25','2014-10-10 10:11:25'),
	(215,1,'Alex changed value to 468 - project phase to Build - on Nissan P4 Trade Newsletter (October 2014) Q4','2014-10-10 16:05:01','2014-10-10 16:05:01'),
	(216,1,'Alex created new project Nissan Pulsar Tactical Email (October 2014) Q4','2014-10-10 16:06:23','2014-10-10 16:06:23'),
	(217,1,'Alex created a new Invoice - #1033, valued at £504 for project Nissan Pulsar Tactical Email (October 2014) Q4','2014-10-10 16:23:48','2014-10-10 16:23:48'),
	(218,1,'Alex changed likelihood to 80 - value to 504 - on Nissan Pulsar Tactical Email (October 2014) Q4','2014-10-10 16:24:01','2014-10-10 16:24:01'),
	(219,1,'Alex created new project iConnect Email (October 2014) Q4','2014-10-13 14:08:35','2014-10-13 14:08:35'),
	(220,1,'Alex created new project GoUltraLow site amends (October 2014) Q4','2014-10-14 15:54:02','2014-10-14 15:54:02'),
	(221,1,'Alex created a new Invoice - #1035, valued at £3384 for project GoUltraLow site amends (October 2014) Q4','2014-10-14 16:29:11','2014-10-14 16:29:11'),
	(222,1,'Alex changed value to 3384 - on GoUltraLow site amends (October 2014) Q4','2014-10-14 16:30:35','2014-10-14 16:30:35'),
	(223,1,'Alex created new project Nissan Email (October 2014) Q4','2014-10-15 12:45:05','2014-10-15 12:45:05'),
	(224,1,'Alex created a new Invoice - #1036, valued at £648 for project Nissan Email (October 2014) Q4','2014-10-15 12:45:28','2014-10-15 12:45:28'),
	(225,1,'Alex added a note to Nissan P1 3 Cars HTML Email - PCP Table','2014-10-15 12:46:14','2014-10-15 12:46:14'),
	(226,1,'Alex updated Invoice #1035 - value to 4320 on GoUltraLow site amends (October 2014) Q4','2014-10-15 14:39:46','2014-10-15 14:39:46'),
	(227,1,'Alex changed value to 4320 - on GoUltraLow site amends (October 2014) Q4','2014-10-15 14:40:41','2014-10-15 14:40:41'),
	(228,1,'Alex updated Invoice #1004 - note to Rejected as entire page now needs to be rebuilt. Oakley have changed their websites to now be fully responsive. on Oakley Dealers Multi-lingual Webpage Redirect Mobile (September 2014) Q3','2014-10-15 14:52:49','2014-10-15 14:52:49'),
	(229,1,'Alex created a new Invoice - #1037, valued at £1800 for project Oakley Dealers Multi-lingual Webpage Redirect Mobile (September 2014) Q3','2014-10-15 14:53:04','2014-10-15 14:53:04'),
	(230,1,'Alex changed value to 1800 - on Oakley Dealers Multi-lingual Webpage Redirect Mobile (September 2014) Q3','2014-10-15 14:53:10','2014-10-15 14:53:10'),
	(231,1,'Alex created new project Nissan Vertical Targetting Emails','2014-10-15 15:05:42','2014-10-15 15:05:42'),
	(232,1,'Alex changed name to Nissan Vertical Targetting Emails (October 2014) Q4 - on Nissan Vertical Targetting Emails (October 2014) Q4','2014-10-15 15:06:25','2014-10-15 15:06:25'),
	(233,1,'Alex created a new Invoice - #1038, valued at £360 for project Nissan Vertical Targetting Emails (October 2014) Q4','2014-10-15 15:09:30','2014-10-15 15:09:30'),
	(234,1,'Alex changed value to 360 - on Nissan Vertical Targetting Emails (October 2014) Q4','2014-10-15 15:09:36','2014-10-15 15:09:36'),
	(235,1,'Alex created new project Nissan Accessories HTML Only Updates (October 2014) Q4','2014-10-15 15:49:43','2014-10-15 15:49:43'),
	(236,1,'Alex created a new Invoice - #1039, valued at £216 for project Nissan Accessories HTML Only Updates (October 2014) Q4','2014-10-15 15:52:09','2014-10-15 15:52:09'),
	(237,1,'Alex changed value to 216 - on Nissan Accessories HTML Only Updates (October 2014) Q4','2014-10-15 15:52:23','2014-10-15 15:52:23'),
	(238,3,'Danny created new project Gulfstream UAE Website Builds','2014-10-17 11:17:54','2014-10-17 11:17:54'),
	(239,3,'Danny created a new Invoice - #1040, valued at £12000 for project Gulfstream UAE Website Builds','2014-10-17 11:18:17','2014-10-17 11:18:17'),
	(240,3,'Danny changed value to 12000 - on Gulfstream UAE Website Builds','2014-10-17 11:18:24','2014-10-17 11:18:24'),
	(241,3,'Danny created new project GPStudio WordPress Website Improvements','2014-10-17 11:19:29','2014-10-17 11:19:29'),
	(242,3,'Danny created a new Invoice - #1041, valued at £7250 for project GPStudio WordPress Website Improvements','2014-10-17 11:20:01','2014-10-17 11:20:01'),
	(243,3,'Danny changed value to 7250 - on GPStudio WordPress Website Improvements','2014-10-17 11:20:11','2014-10-17 11:20:11'),
	(244,3,'Danny created new project Virgin Money Extramile 2015','2014-10-17 11:21:48','2014-10-17 11:21:48'),
	(245,3,'Danny created a new Invoice - #1014, valued at £18750 for project Virgin Money Extramile 2015','2014-10-17 11:22:15','2014-10-17 11:22:15'),
	(246,3,'Danny changed value to 18750 - on Virgin Money Extramile 2015','2014-10-17 11:22:18','2014-10-17 11:22:18'),
	(247,1,'Alex created new project Imbruvica UK Sales Aid Navigation Update (October 2104) Q4','2014-10-20 10:42:55','2014-10-20 10:42:55'),
	(248,1,'Alex created a new Invoice - #1043, valued at £ for project Imbruvica UK Sales Aid Navigation Update (October 2104) Q4','2014-10-20 10:43:06','2014-10-20 10:43:06'),
	(249,1,'Alex updated Invoice #1043 - value to 8070 - note to Option 1: Build our own code on Imbruvica UK Sales Aid Navigation Update (October 2104) Q4','2014-10-20 12:07:05','2014-10-20 12:07:05'),
	(250,1,'Alex updated Invoice #1043 on Imbruvica UK Sales Aid Navigation Update (October 2104) Q4','2014-10-20 12:07:11','2014-10-20 12:07:11'),
	(251,1,'Alex created a new Estimate - #1044, valued at £6660 for project Imbruvica UK Sales Aid Navigation Update (October 2104) Q4','2014-10-20 12:09:21','2014-10-20 12:09:21'),
	(252,1,'Alex updated Invoice #1044 - status to Estimate Sent on Imbruvica UK Sales Aid Navigation Update (October 2104) Q4','2014-10-20 12:09:26','2014-10-20 12:09:26'),
	(253,1,'Alex updated Invoice #1043 - status to Estimate Sent on Imbruvica UK Sales Aid Navigation Update (October 2104) Q4','2014-10-20 12:09:31','2014-10-20 12:09:31'),
	(254,1,'Alex changed likelihood to 75 - on Imbruvica UK Sales Aid Navigation Update (October 2104) Q4','2014-10-20 15:55:58','2014-10-20 15:55:58'),
	(255,1,'Alex created new project Imbruvica ASH congress mini sales aid (October 2014) Q4','2014-10-20 16:06:09','2014-10-20 16:06:09'),
	(256,1,'Alex created a new Invoice - #1045, valued at £4320 for project Imbruvica ASH congress mini sales aid (October 2014) Q4','2014-10-20 16:06:26','2014-10-20 16:06:26'),
	(257,1,'Alex changed value to 4320 - on Imbruvica ASH congress mini sales aid (October 2014) Q4','2014-10-20 16:06:33','2014-10-20 16:06:33'),
	(258,1,'Alex changed resource to Danny - value to 324 - project phase to Build - on Nissan Brake Pads, Discs and Cleaner HTML (November 2014) Q4','2014-10-21 14:17:37','2014-10-21 14:17:37'),
	(259,1,'Alex created new project 129. Nissan Marketing Service Update (October 2014) Q4','2014-10-21 14:19:05','2014-10-21 14:19:05'),
	(260,1,'Alex created a new Invoice - #1046, valued at £216 for project 129. Nissan Marketing Service Update (October 2014) Q4','2014-10-21 14:22:35','2014-10-21 14:22:35'),
	(261,1,'Alex created a new Invoice - #1046, valued at £216 for project 129. Nissan Marketing Service Update (October 2014) Q4','2014-10-21 14:22:37','2014-10-21 14:22:37'),
	(262,1,'Alex deleted Invoice #1046 on project 129. Nissan Marketing Service Update (October 2014) Q4','2014-10-21 14:22:42','2014-10-21 14:22:42'),
	(263,1,'Alex changed value to 216 - on 129. Nissan Marketing Service Update (October 2014) Q4','2014-10-21 14:22:50','2014-10-21 14:22:50'),
	(264,1,'Alex updated Invoice #1021 - value to 252 on Nissan Brake Pads, Discs and Cleaner HTML (November 2014) Q4','2014-10-21 14:30:21','2014-10-21 14:30:21'),
	(265,1,'Alex changed value to 252 - on Nissan Brake Pads, Discs and Cleaner HTML (November 2014) Q4','2014-10-21 14:30:27','2014-10-21 14:30:27'),
	(266,1,'Alex changed value to 324 - project phase to Build - on Nissan Starters and Alternators HTML (December 2014) Q4','2014-10-21 14:56:20','2014-10-21 14:56:20'),
	(267,1,'Alex changed name to 129. Nissan Marketing Service Update II (October 2014) Q4 - value to 216 - on 129. Nissan Marketing Service Update II (October 2014) Q4','2014-10-21 15:21:02','2014-10-21 15:21:02'),
	(268,1,'Alex created a new Invoice - #1047, valued at £216 for project 129. Nissan Marketing Service Update II (October 2014) Q4','2014-10-21 15:22:31','2014-10-21 15:22:31'),
	(269,1,'Alex changed value to 216 - on 129. Nissan Marketing Service Update II (October 2014) Q4','2014-10-21 15:22:43','2014-10-21 15:22:43'),
	(270,1,'Alex changed name to Nissan T&Cs Update (October 2014) Q4 - value to 1080 - project phase to Pipeline - on Nissan T&Cs Update (October 2014) Q4','2014-10-22 16:06:06','2014-10-22 16:06:06'),
	(271,1,'Alex changed golive_date to 2014-10-28 - value to 1080 - on Nissan T&Cs Update (October 2014) Q4','2014-10-22 16:06:54','2014-10-22 16:06:54'),
	(272,1,'Alex created a new Invoice - #1048, valued at £1080 for project Nissan T&Cs Update (October 2014) Q4','2014-10-22 16:07:12','2014-10-22 16:07:12'),
	(273,1,'Alex changed value to 324 - project phase to Build - on Nissan Wipers and Screen Wash HTML (November 2014) Q4','2014-10-23 10:13:43','2014-10-23 10:13:43'),
	(274,1,'Alex changed value to 252 - project phase to On Hold - on Nissan Brake Pads, Discs and Cleaner HTML (November 2014) Q4','2014-10-23 10:44:12','2014-10-23 10:44:12'),
	(275,1,'Alex changed value to 324 - project phase to On Hold - on Nissan Starters and Alternators HTML (December 2014) Q4','2014-10-23 10:44:40','2014-10-23 10:44:40'),
	(276,1,'Alex changed value to 324 - on Nissan Starters and Alternators HTML (December 2014) Q4','2014-10-23 10:44:40','2014-10-23 10:44:40'),
	(277,3,'Danny changed name to Nissan Marketing Service Update II (October 2014) Q4 - value to 216 - on Nissan Marketing Service Update II (October 2014) Q4','2014-10-23 12:56:10','2014-10-23 12:56:10'),
	(278,3,'Danny changed name to Nissan Marketing Service Update (October 2014) Q4 - value to 216 - on Nissan Marketing Service Update (October 2014) Q4','2014-10-23 12:56:18','2014-10-23 12:56:18'),
	(279,3,'Danny changed value to 8070 - on Imbruvica UK Sales Aid Navigation Update (October 2104) Q4','2014-10-23 12:56:54','2014-10-23 12:56:54'),
	(280,3,'Danny created new client Wunderman','2014-10-23 12:57:49','2014-10-23 12:57:49'),
	(281,3,'Danny created new contact Ryo Murad','2014-10-23 12:58:51','2014-10-23 12:58:51'),
	(282,3,'Danny created new contact Ram Aiyar','2014-10-23 12:59:25','2014-10-23 12:59:25'),
	(283,3,'Danny created new project CHECT WordPress Website Build','2014-10-23 13:01:09','2014-10-23 13:01:09'),
	(284,3,'Danny created a new Invoice - #1049, valued at £10850 for project CHECT WordPress Website Build','2014-10-23 13:01:53','2014-10-23 13:01:53'),
	(285,3,'Danny changed resource to SJ, AT - value to 10850 - project phase to Pipeline - on CHECT WordPress Website Build','2014-10-23 13:02:22','2014-10-23 13:02:22'),
	(286,3,'Danny changed value to 216 - contact to Natalie Lennon - on Nissan Marketing Service Update II (October 2014) Q4','2014-10-23 13:06:21','2014-10-23 13:06:21'),
	(287,3,'Danny changed value to 18750 - project phase to Scope - on Virgin Money Extramile 2015','2014-10-24 22:03:12','2014-10-24 22:03:12'),
	(288,1,'Alex created new project Nissan Total Loss Avoidance Email (October 2014) Q4','2014-10-30 14:37:06','2014-10-30 14:37:06'),
	(289,1,'Alex created a new Invoice - #1051, valued at £504 for project Nissan Total Loss Avoidance Email (October 2014) Q4','2014-10-30 14:49:19','2014-10-30 14:49:19'),
	(290,1,'Alex changed value to 504 - on Nissan Total Loss Avoidance Email (October 2014) Q4','2014-10-30 14:49:49','2014-10-30 14:49:49'),
	(291,1,'Alex changed percentage_complete to 100 - value to 270 - on Nissan Winter Check (October 2014) Q4','2014-10-30 17:07:30','2014-10-30 17:07:30'),
	(292,1,'Alex changed percentage_complete to 100 - value to 612 - on Nissan Legals Update (October 2014) Q4','2014-10-30 17:08:03','2014-10-30 17:08:03'),
	(293,1,'Alex changed percentage_complete to 100 - value to 1728 - on 201409 iConnect Pre-luanch Emails (September 2014) Q3','2014-10-30 17:08:31','2014-10-30 17:08:31'),
	(294,1,'Alex changed percentage_complete to 100 - value to 7488 - on Cunard Banners (September 2014) Q3','2014-10-30 17:08:47','2014-10-30 17:08:47'),
	(295,1,'Alex changed percentage_complete to 100 - value to 7560 - on Cunard HPTO & Cascade (September 2014) Q3','2014-10-30 17:08:58','2014-10-30 17:08:58'),
	(296,1,'Alex changed percentage_complete to 100 - value to 22752 - on Ibiza Rocks','2014-10-30 17:10:14','2014-10-30 17:10:14'),
	(297,1,'Alex changed value to 22752 - project phase to Support - on Ibiza Rocks','2014-10-30 17:10:25','2014-10-30 17:10:25'),
	(298,1,'Alex created new project IMBRUVICA eDetail condensed version (ASH) (October 2014) Q4','2014-10-30 17:33:09','2014-10-30 17:33:09'),
	(299,1,'Alex changed percentage_complete to 100 - value to 330 - project phase to Complete - on Lima London New Pages (September 2014) Q3','2014-10-30 17:36:21','2014-10-30 17:36:21'),
	(300,1,'Alex changed value to 330 - completed_date to 2014-10-14 - on Lima London New Pages (September 2014) Q3','2014-10-30 17:37:14','2014-10-30 17:37:14'),
	(301,1,'Alex deleted project IMBRUVICA eDetail condensed version (ASH) (October 2014) Q4','2014-10-30 18:53:23','2014-10-30 18:53:23'),
	(302,1,'Alex changed value to 7560 - completed_date to 2014-09-30 - project phase to Complete - on Cunard HPTO & Cascade (September 2014) Q3','2014-10-31 12:06:29','2014-10-31 12:06:29'),
	(303,1,'Alex changed value to 7488 - completed_date to 2014-09-30 - project phase to Complete - on Cunard Banners (September 2014) Q3','2014-10-31 12:06:59','2014-10-31 12:06:59'),
	(304,1,'Alex changed value to 270 - completed_date to 2014-10-31 - project phase to Complete - on Nissan Winter Check (October 2014) Q4','2014-10-31 12:07:24','2014-10-31 12:07:24'),
	(305,1,'Alex changed value to 612 - completed_date to 2014-10-31 - project phase to Complete - on Nissan Legals Update (October 2014) Q4','2014-10-31 12:07:45','2014-10-31 12:07:45'),
	(306,1,'Alex changed value to 288 - completed_date to 2014-10-31 - project phase to Complete - on 300980 Nissan CARED4 Email (October 2014) Q4','2014-10-31 12:07:58','2014-10-31 12:07:58'),
	(307,1,'Alex changed value to 342 - completed_date to 2014-10-31 - project phase to Complete - on Nissan Mechanical Parts (September 2014) Q3','2014-10-31 12:08:14','2014-10-31 12:08:14'),
	(308,1,'Alex changed percentage_complete to 75 - value to 468 - completed_date to 2014-10-31 - on Nissan P4 Trade Newsletter (October 2014) Q4','2014-10-31 12:43:15','2014-10-31 12:43:15'),
	(309,1,'Alex changed value to 252 - completed_date to 2014-10-31 - project phase to Complete - on Nissan Antifreeze Email (September 2014) Q3','2014-10-31 12:43:35','2014-10-31 12:43:35'),
	(310,1,'Alex changed value to 288 - completed_date to 2014-10-31 - on Nissan Pulsar HTML Only (September 2014) Q3','2014-10-31 12:43:55','2014-10-31 12:43:55'),
	(311,1,'Alex changed value to 288 - project phase to Complete - on Nissan Pulsar HTML Only (September 2014) Q3','2014-10-31 12:44:07','2014-10-31 12:44:07'),
	(312,1,'Alex changed value to 324 - completed_date to 2014-10-31 - project phase to Complete - on Nissan Love2shop (September 2014) Q3','2014-10-31 12:44:20','2014-10-31 12:44:20'),
	(313,1,'Alex changed value to 468 - completed_date to 2014-10-31 - project phase to Complete - on Nissan Jenny Jones Juke (September 2014) Q3','2014-10-31 12:44:40','2014-10-31 12:44:40'),
	(314,1,'Alex changed value to 1728 - completed_date to 2014-10-31 - project phase to Complete - on 201409 iConnect Pre-luanch Emails (September 2014) Q3','2014-10-31 12:44:50','2014-10-31 12:44:50'),
	(315,1,'Alex changed value to 651.6 - completed_date to 2014-10-31 - project phase to Complete - client to TBWA - contact to Chris Johnson - on Nissan Pulsar Pre-launch Email (September 2014) Q3','2014-10-31 12:45:57','2014-10-31 12:45:57'),
	(316,1,'Alex changed value to 468 - completed_date to 2014-10-31 - project phase to Complete - on Nissan Juke Accessories (September 2014) Q3','2014-10-31 12:46:17','2014-10-31 12:46:17'),
	(317,1,'Alex changed value to 1038 - completed_date to 2014-10-31 - project phase to Complete - on Nissan Trade Emails x 5 (Sepember 2014) Q3','2014-10-31 12:46:35','2014-10-31 12:46:35'),
	(318,1,'Alex changed percentage_complete to 75 - value to 324 - completed_date to 2014-10-31 - on Nissan Wipers and Screen Wash HTML (November 2014) Q4','2014-10-31 12:46:54','2014-10-31 12:46:54'),
	(319,1,'Alex changed value to 1224 - completed_date to 2014-10-31 - project phase to Complete - on Imbruvica PSP EDetailer UK (September 2014) Q3','2014-10-31 12:47:08','2014-10-31 12:47:08'),
	(320,1,'Alex changed value to 504 - completed_date to 2014-10-31 - project phase to Complete - on Nissan X-Trail (August 2014) Q3','2014-10-31 12:47:29','2014-10-31 12:47:29'),
	(321,1,'Alex changed value to 360 - completed_date to 2014-10-31 - project phase to Complete - on Nissan Antifreeze Email (August 2014) Q4','2014-10-31 12:47:40','2014-10-31 12:47:40'),
	(322,1,'Alex changed value to 684 - completed_date to 2014-10-31 - project phase to Complete - on Nissan Marketing Service Email (August 2014) Q3','2014-10-31 12:47:56','2014-10-31 12:47:56'),
	(323,1,'Alex changed percentage_complete to 100 - value to 3888 - completed_date to 2014-10-31 - project phase to Complete - on Imbruvica UK Sales Aid (August 2014) Q3','2014-10-31 12:48:25','2014-10-31 12:48:25'),
	(324,1,'Alex changed percentage_complete to 100 - value to 14375 - completed_date to 2014-10-31 - project phase to Complete - on EMEA Imbruvica iRep App Updates (HTML 3)','2014-10-31 12:50:37','2014-10-31 12:50:37'),
	(325,1,'Alex changed value to 20736 - completed_date to 2014-10-09 - project phase to Complete - on Dinner Set','2014-10-31 12:51:08','2014-10-31 12:51:08'),
	(326,1,'Alex changed value to 900 - completed_date to 2014-10-31 - project phase to Complete - on Nissan Love2Shop (August 2014) Q3','2014-10-31 12:51:28','2014-10-31 12:51:28'),
	(327,1,'Alex changed percentage_complete to 100 - value to 3000 - project phase to Complete - on Cunard Digital Campaign (September 2014) Q3','2014-10-31 12:52:16','2014-10-31 12:52:16'),
	(328,3,'Danny changed value to 8792.4 - project phase to Support - on Weekly Clean New Functionality','2014-11-03 10:34:24','2014-11-03 10:34:24'),
	(329,3,'Danny changed value to 4750 - project phase to Build - on SHP E-commerce Website (Phase 1)','2014-11-03 10:34:45','2014-11-03 10:34:45'),
	(330,3,'Danny changed percentage_complete to 80 - value to 19000 - on Janssen Pro Portal Build','2014-11-03 10:35:21','2014-11-03 10:35:21'),
	(331,3,'Danny changed percentage_complete to 50 - value to 13800 - on Brash Brands New Website','2014-11-03 10:35:39','2014-11-03 10:35:39'),
	(332,3,'Danny changed percentage_complete to 100 - value to 8792.4 - on Weekly Clean New Functionality','2014-11-03 10:36:10','2014-11-03 10:36:10'),
	(333,1,'Alex changed value to 1800 - project phase to Build - on Oakley Dealers Multi-lingual Webpage Redirect Mobile (September 2014) Q3','2014-11-04 09:40:32','2014-11-04 09:40:32'),
	(334,1,'Alex changed percentage_complete to 80 - value to 1800 - on Oakley Dealers Multi-lingual Webpage Redirect Mobile (September 2014) Q3','2014-11-04 09:40:51','2014-11-04 09:40:51'),
	(335,1,'Alex created a new Estimate - #1034, valued at £936 for project iConnect Email (October 2014) Q4','2014-11-04 12:03:47','2014-11-04 12:03:47'),
	(336,1,'Alex changed percentage_complete to 100 - value to 936 - project phase to Build - on iConnect Email (October 2014) Q4','2014-11-04 12:04:00','2014-11-04 12:04:00'),
	(337,1,'Alex created new project Nissan Legals Update (November 2014) Q4','2014-11-04 12:06:20','2014-11-04 12:06:20'),
	(338,1,'Alex created a new Estimate - #1052, valued at £774 for project Nissan Legals Update (November 2014) Q4','2014-11-04 12:11:32','2014-11-04 12:11:32'),
	(339,1,'Alex created new project Breed Artist Content Updates (November 2014) Q4','2014-11-04 12:35:39','2014-11-04 12:35:39'),
	(340,1,'Alex created a new Estimate - #1053, valued at £450 for project Breed Artist Content Updates (November 2014) Q4','2014-11-04 12:35:50','2014-11-04 12:35:50'),
	(341,1,'Alex changed value to 450 - on Breed Artist Content Updates (November 2014) Q4','2014-11-04 12:35:56','2014-11-04 12:35:56'),
	(342,1,'Alex changed value to 4320 - project phase to Build - on GoUltraLow site amends (October 2014) Q4','2014-11-04 13:04:02','2014-11-04 13:04:02'),
	(343,1,'Alex changed value to 4320 - project phase to Build - on Imbruvica ASH congress mini sales aid (October 2014) Q4','2014-11-04 15:30:25','2014-11-04 15:30:25'),
	(344,1,'Alex updated Invoice #1035 - value to 4032 on GoUltraLow site amends (October 2014) Q4','2014-11-05 13:17:29','2014-11-05 13:17:29'),
	(345,1,'Alex changed project phase to Build - on Nissan Legals Update (November 2014) Q4','2014-11-05 15:21:04','2014-11-05 15:21:04'),
	(346,1,'Alex created new project Nissan New Juke Email (November 2014) Q4','2014-11-06 18:25:49','2014-11-06 18:25:49'),
	(347,1,'Alex created a new Invoice - #1055, valued at £504 for project Nissan New Juke Email (November 2014) Q4','2014-11-06 18:34:05','2014-11-06 18:34:05'),
	(348,1,'Alex changed value to 504 - on Nissan New Juke Email (November 2014) Q4','2014-11-06 18:47:44','2014-11-06 18:47:44'),
	(349,1,'Alex changed likelihood to 100 - value to 504 - project phase to Build - on Nissan Total Loss Avoidance Email (October 2014) Q4','2014-11-07 13:49:28','2014-11-07 13:49:28'),
	(350,1,'Alex changed percentage_complete to 50 - value to 504 - on Nissan Total Loss Avoidance Email (October 2014) Q4','2014-11-10 16:35:04','2014-11-10 16:35:04'),
	(351,1,'Alex created new project Nissan Leaf Loan HTML (November 2014) Q4','2014-11-10 16:35:50','2014-11-10 16:35:50'),
	(352,1,'Alex created a new Estimate - #1060, valued at £504.00 for project Nissan Leaf Loan HTML (November 2014) Q4','2014-11-10 16:41:46','2014-11-10 16:41:46'),
	(353,1,'Alex changed value to 504 - on Nissan Leaf Loan HTML (November 2014) Q4','2014-11-10 16:41:53','2014-11-10 16:41:53'),
	(354,1,'Alex created new project Croatia Rocks Site Creation (November 2014) Q4','2014-11-10 16:45:15','2014-11-10 16:45:15'),
	(355,1,'Alex created a new Estimate - #1061, valued at £1110 for project Croatia Rocks Site Creation (November 2014) Q4','2014-11-10 16:57:05','2014-11-10 16:57:05'),
	(356,1,'Alex changed value to 1110 - on Croatia Rocks Site Creation (November 2014) Q4','2014-11-10 16:57:13','2014-11-10 16:57:13'),
	(357,1,'Alex updated Invoice #1052 - value to 702.00 on Nissan Legals Update (November 2014) Q4','2014-11-11 13:41:15','2014-11-11 13:41:15'),
	(358,1,'Alex changed value to 702 - on Nissan Legals Update (November 2014) Q4','2014-11-11 13:41:21','2014-11-11 13:41:21'),
	(359,1,'Alex added a note to Weekly Clean New Functionality','2014-11-12 15:58:09','2014-11-12 15:58:09'),
	(360,1,'Alex changed value to 504 - project phase to Rejected - on Nissan Leaf Loan HTML (November 2014) Q4','2014-11-12 15:58:15','2014-11-12 15:58:15'),
	(361,1,'Alex created new project Nissan Lapsed Service & MOT Emails (November 2014) Q4','2014-11-13 15:50:15','2014-11-13 15:50:15'),
	(362,1,'Alex created a new Invoice - #1067, valued at £900 for project Nissan Lapsed Service & MOT Emails (November 2014) Q4','2014-11-13 15:50:34','2014-11-13 15:50:34'),
	(363,1,'Alex created new project Nissan Starters and Alternators version 2 (November 2014) Q4','2014-11-13 15:56:01','2014-11-13 15:56:01'),
	(364,1,'Alex created a new Estimate - #1068, valued at £180 for project Nissan Starters and Alternators version 2 (November 2014) Q4','2014-11-13 15:58:37','2014-11-13 15:58:37'),
	(365,1,'Alex changed likelihood to 50 - value to 180 - on Nissan Starters and Alternators version 2 (November 2014) Q4','2014-11-13 15:58:46','2014-11-13 15:58:46'),
	(366,1,'Alex created new project Nissan Brake Pads and Discs version 2 (November 2014) Q4','2014-11-13 16:02:51','2014-11-13 16:02:51'),
	(367,1,'Alex changed value to 180 - on Nissan Brake Pads and Discs version 2 (November 2014) Q4','2014-11-13 16:08:35','2014-11-13 16:08:35'),
	(368,1,'Alex created a new Estimate - #1069, valued at £180 for project Nissan Brake Pads and Discs version 2 (November 2014) Q4','2014-11-13 16:08:36','2014-11-13 16:08:36'),
	(369,1,'Alex created new project Nissan eNewsletter Emails (November 2014) Q4','2014-11-13 16:09:19','2014-11-13 16:09:19'),
	(370,1,'Alex created a new Invoice - #1070, valued at £432 for project Nissan eNewsletter Emails (November 2014) Q4','2014-11-13 16:09:32','2014-11-13 16:09:32'),
	(371,1,'Alex created new project Nissan Love2shop emails (November 2014) Q4','2014-11-13 16:12:49','2014-11-13 16:12:49'),
	(372,1,'Alex created a new Invoice - #1071, valued at £468 for project Nissan Love2shop emails (November 2014) Q4','2014-11-13 16:13:03','2014-11-13 16:13:03'),
	(373,1,'Alex created new project Nissan Wipers emails (November 2014) Q4','2014-11-13 16:22:30','2014-11-13 16:22:30'),
	(374,1,'Alex created a new Invoice - #1072, valued at £368 for project Nissan Wipers emails (November 2014) Q4','2014-11-13 16:22:45','2014-11-13 16:22:45'),
	(375,1,'Alex created new project Nissan Service Kits emails (November 2014) Q4','2014-11-13 16:26:22','2014-11-13 16:26:22'),
	(376,1,'Alex created a new Invoice - #1073, valued at £360 for project Nissan Service Kits emails (November 2014) Q4','2014-11-13 16:27:55','2014-11-13 16:27:55'),
	(377,1,'Alex updated Invoice #1070 - value to 252 on Nissan eNewsletter Emails (November 2014) Q4','2014-11-14 12:49:41','2014-11-14 12:49:41'),
	(378,1,'Alex changed value to 252 - on Nissan eNewsletter Emails (November 2014) Q4','2014-11-14 12:49:49','2014-11-14 12:49:49'),
	(379,1,'Alex created new project Coppafeel Gallery (November 2014) Q4','2014-11-18 12:10:31','2014-11-18 12:10:31'),
	(380,1,'Alex created a new Invoice - #1074, valued at £1036.80 for project Coppafeel Gallery (November 2014) Q4','2014-11-18 12:25:32','2014-11-18 12:25:32'),
	(381,1,'Alex changed value to 1036 - on Coppafeel Gallery (November 2014) Q4','2014-11-18 12:57:53','2014-11-18 12:57:53'),
	(382,1,'Alex deleted project Coppafeel Gallery (November 2014) Q4','2014-11-18 12:58:11','2014-11-18 12:58:11'),
	(383,1,'Alex changed percentage_complete to 100 - value to 19000 - on Janssen Pro Portal Build','2014-11-24 09:58:47','2014-11-24 09:58:47'),
	(384,1,'Alex changed percentage_complete to 100 - value to 504 - on Nissan Total Loss Avoidance Email (October 2014) Q4','2014-11-24 09:59:05','2014-11-24 09:59:05'),
	(385,3,'Danny changed value to 18750 - project phase to Rejected - on Virgin Money Extramile 2015','2014-11-25 11:54:05','2014-11-25 11:54:05'),
	(386,1,'Alex changed percentage_complete to 90 - value to 1110 - project phase to Build - on Croatia Rocks Site Creation (November 2014) Q4','2014-11-26 13:36:17','2014-11-26 13:36:17'),
	(387,1,'Alex created new project Cunard Wave Campaign (November 2014) Q4','2014-11-26 13:37:56','2014-11-26 13:37:56'),
	(388,1,'Alex created new contact Nick Warry','2014-11-26 13:38:27','2014-11-26 13:38:27'),
	(389,1,'Alex changed contact to Nick Warry - on Cunard Wave Campaign (November 2014) Q4','2014-11-26 13:38:34','2014-11-26 13:38:34'),
	(390,1,'Alex created a new Invoice - #1080, valued at £10944 for project Cunard Wave Campaign (November 2014) Q4','2014-11-26 14:34:50','2014-11-26 14:34:50'),
	(391,1,'Alex updated Invoice #1035 - note to Various updates on GoUltraLow site amends (October 2014) Q4','2014-11-26 14:39:16','2014-11-26 14:39:16'),
	(392,1,'Alex updated Invoice #1035 - value to 2320 on GoUltraLow site amends (October 2014) Q4','2014-11-26 14:41:15','2014-11-26 14:41:15'),
	(393,1,'Alex created a new Estimate - #1079, valued at £2287.50 for project GoUltraLow site amends (October 2014) Q4','2014-11-26 14:43:11','2014-11-26 14:43:11'),
	(394,1,'Alex created a new Estimate - #1081, valued at £2088 for project GoUltraLow site amends (October 2014) Q4','2014-11-26 15:03:51','2014-11-26 15:03:51'),
	(395,1,'Alex updated Invoice #1081 - value to 2520 on GoUltraLow site amends (October 2014) Q4','2014-11-26 15:07:24','2014-11-26 15:07:24'),
	(396,1,'Alex updated Invoice #1081 - value to 2625 on GoUltraLow site amends (October 2014) Q4','2014-11-26 15:13:39','2014-11-26 15:13:39'),
	(397,1,'Alex created a new Estimate - #1082, valued at £2475 for project GoUltraLow site amends (October 2014) Q4','2014-11-26 15:25:04','2014-11-26 15:25:04'),
	(398,1,'Alex changed value to 9707.5 - on GoUltraLow site amends (October 2014) Q4','2014-11-26 15:26:17','2014-11-26 15:26:17'),
	(399,1,'Alex changed percentage_complete to 100 - value to 1110 - completed_date to 2014-11-28 - project phase to Complete - on Croatia Rocks Site Creation (November 2014) Q4','2014-12-01 12:40:14','2014-12-01 12:40:14'),
	(400,1,'Alex changed percentage_complete to 100 - value to 702 - completed_date to 2014-11-28 - project phase to Complete - on Nissan Legals Update (November 2014) Q4','2014-12-01 12:40:53','2014-12-01 12:40:53'),
	(401,1,'Alex changed value to 504 - completed_date to 2014-11-18 - project phase to Complete - on Nissan Total Loss Avoidance Email (October 2014) Q4','2014-12-01 12:41:23','2014-12-01 12:41:23'),
	(402,1,'Alex changed percentage_complete to 100 - value to 4320 - completed_date to 2014-11-28 - project phase to Complete - on Imbruvica ASH congress mini sales aid (October 2014) Q4','2014-12-01 12:42:11','2014-12-01 12:42:11'),
	(403,1,'Alex changed value to 936 - completed_date to 2014-11-21 - project phase to Complete - on iConnect Email (October 2014) Q4','2014-12-01 12:43:05','2014-12-01 12:43:05'),
	(404,1,'Alex changed percentage_complete to 100 - value to 468 - completed_date to 2014-11-03 - project phase to Complete - on Nissan P4 Trade Newsletter (October 2014) Q4','2014-12-01 12:43:38','2014-12-01 12:43:38'),
	(405,1,'Alex changed percentage_complete to 100 - value to 324 - completed_date to 2014-11-03 - project phase to Complete - on Nissan Wipers and Screen Wash HTML (November 2014) Q4','2014-12-01 12:44:28','2014-12-01 12:44:28'),
	(406,1,'Alex changed value to 22752 - project phase to Complete - on Ibiza Rocks','2014-12-01 12:44:44','2014-12-01 12:44:44'),
	(407,1,'Alex changed value to 19000 - completed_date to 2014-11-28 - project phase to Complete - on Janssen Pro Portal Build','2014-12-01 12:45:20','2014-12-01 12:45:20'),
	(408,1,'Alex changed value to 8792.4 - completed_date to 2014-11-28 - project phase to Complete - on Weekly Clean New Functionality','2014-12-01 12:47:07','2014-12-01 12:47:07'),
	(409,1,'Alex added a note to Cunard Flash Banners Q2 2014','2014-12-01 12:50:23','2014-12-01 12:50:23'),
	(410,1,'Alex changed value to 432 - project phase to Rejected - on Go Ultra Low Brochure Button Update','2014-12-01 12:50:28','2014-12-01 12:50:28'),
	(411,1,'Alex changed percentage_complete to 100 - value to 450 - completed_date to 2014-11-28 - project phase to Complete - on Breed Artist Content Updates (November 2014) Q4','2014-12-01 12:50:58','2014-12-01 12:50:58'),
	(412,1,'Alex changed value to 22752 - completed_date to 2014-11-28 - on Ibiza Rocks','2014-12-01 12:51:26','2014-12-01 12:51:26'),
	(413,1,'Alex changed percentage_complete to 100 - value to 8070 - project phase to Complete - on Imbruvica UK Sales Aid Navigation Update (October 2104) Q4','2014-12-01 13:46:42','2014-12-01 13:46:42'),
	(414,1,'Alex changed value to 8070 - completed_date to 2014-11-28 - on Imbruvica UK Sales Aid Navigation Update (October 2104) Q4','2014-12-01 13:47:27','2014-12-01 13:47:27'),
	(415,1,'Alex deleted Invoice #1044 on project Imbruvica UK Sales Aid Navigation Update (October 2104) Q4','2014-12-01 14:58:07','2014-12-01 14:58:07'),
	(416,1,'Alex created a new Estimate - #, valued at £ for project Imbruvica UK Sales Aid Navigation Update (October 2104) Q4','2014-12-01 15:53:13','2014-12-01 15:53:13'),
	(417,1,'Alex updated Invoice #1044 - reference to 1044 - link to https://diginutltd.freeagent.com/estimates/757179 - value to 6660.00 - note to Optiom 2: refactor existing code. - status to Estimate Signed Off on Imbruvica UK Sales Aid Navigation Update (October 2104) Q4','2014-12-01 15:54:21','2014-12-01 15:54:21'),
	(418,1,'Alex changed name to Nissan Brake Pads and Discs version 2 (December 2014) Q4 - value to 180 - project phase to Build - on Nissan Brake Pads and Discs version 2 (December 2014) Q4','2014-12-01 21:24:34','2014-12-01 21:24:34'),
	(419,1,'Alex updated Invoice #936 - status to Estimate Sent on Start JG Phase II Updates','2014-12-02 12:41:40','2014-12-02 12:41:40'),
	(420,3,'Danny created a new Invoice - #1103, valued at £1800 for project Oakley Dealers Multi-lingual Webpage Redirect Mobile (September 2014) Q3','2014-12-02 22:10:18','2014-12-02 22:10:18'),
	(421,3,'Danny changed percentage_complete to 100 - value to 1800 - project phase to Support - on Oakley Dealers Multi-lingual Webpage Redirect Mobile (September 2014) Q3','2014-12-02 22:10:37','2014-12-02 22:10:37'),
	(422,3,'Danny changed percentage_complete to 75 - value to 18400 - on iRep Detail Aid Localisation Solution','2014-12-02 22:11:32','2014-12-02 22:11:32'),
	(423,3,'Danny changed percentage_complete to 75 - value to 4750 - on SHP E-commerce Website (Phase 1)','2014-12-02 22:11:50','2014-12-02 22:11:50'),
	(424,3,'Danny created a new Invoice - #1122, valued at £10994.00 for project Start JG Phase II Updates','2014-12-02 22:45:17','2014-12-02 22:45:17'),
	(425,3,'Danny created a new Invoice - #1120, valued at £2304.00 for project Start JG Phase II Updates','2014-12-02 22:45:44','2014-12-02 22:45:44'),
	(426,3,'Danny changed percentage_complete to 100 - value to 13298 - project phase to Support - on Start JG Phase II Updates','2014-12-02 22:46:05','2014-12-02 22:46:05'),
	(427,3,'Danny changed value to 7250 - project phase to Build - on GPStudio WordPress Website Improvements','2014-12-02 22:48:27','2014-12-02 22:48:27'),
	(428,3,'Danny changed value to 12000 - project phase to Build - on Gulfstream UAE Website Builds','2014-12-02 22:48:43','2014-12-02 22:48:43'),
	(429,1,'Alex created new project Cunard Banners Christmas Amends (December 2014) Q4','2014-12-03 13:52:30','2014-12-03 13:52:30'),
	(430,1,'Alex created a new Invoice - #1088, valued at £1200 for project Cunard Banners Christmas Amends (December 2014) Q4','2014-12-03 14:21:56','2014-12-03 14:21:56'),
	(431,1,'Alex changed likelihood to 60 - value to 1200 - on Cunard Banners Christmas Amends (December 2014) Q4','2014-12-03 14:22:04','2014-12-03 14:22:04'),
	(432,1,'Alex changed percentage_complete to 100 - value to 900 - completed_date to 2014-12-02 - project phase to Complete - on Nissan Lapsed Service & MOT Emails (November 2014) Q4','2014-12-03 15:02:35','2014-12-03 15:02:35'),
	(433,1,'Alex updated Invoice #1074 - value to 1749.50 on Coppafeel Gallery (November 2014) Q4','2014-12-04 13:00:20','2014-12-04 13:00:20'),
	(434,1,'Alex changed value to 1749.5 - on Coppafeel Gallery (November 2014) Q4','2014-12-04 13:00:31','2014-12-04 13:00:31'),
	(435,1,'Alex changed value to 1749.5 - project phase to Design - on Coppafeel Gallery (November 2014) Q4','2014-12-04 13:05:24','2014-12-04 13:05:24'),
	(436,1,'Alex created new project Aftersales Survey Email (December 2014) Q4','2014-12-04 15:33:11','2014-12-04 15:33:11'),
	(437,1,'Alex created a new Estimate - #1090, valued at £206.26 for project Aftersales Survey Email (December 2014) Q4','2014-12-04 15:40:28','2014-12-04 15:40:28'),
	(438,1,'Alex changed value to 206.26 - on Aftersales Survey Email (December 2014) Q4','2014-12-04 15:40:37','2014-12-04 15:40:37'),
	(439,1,'Alex added a note to CARED4 Extra Extra Q2 2014','2014-12-04 15:41:08','2014-12-04 15:41:08'),
	(440,1,'Alex changed value to 1200 - project phase to Rejected - on Cunard Banners Christmas Amends (December 2014) Q4','2014-12-04 15:41:12','2014-12-04 15:41:12'),
	(441,1,'Alex added a note to Nissan Juke Accessory Pack Q2 2014','2014-12-04 15:41:30','2014-12-04 15:41:30'),
	(442,3,'Danny changed project phase to Rejected - on Cunard Wave Campaign (November 2014) Q4','2014-12-12 19:41:55','2014-12-12 19:41:55'),
	(443,3,'Danny changed value to 11000 - project phase to Rejected - on Gill Rees Legal Website','2014-12-12 19:42:41','2014-12-12 19:42:41'),
	(444,3,'Danny changed value to 6624 - project phase to Rejected - on NIRDP WordPress Theme','2014-12-12 19:43:02','2014-12-12 19:43:02'),
	(445,3,'Danny created new project #whatnormalfeelslike Campaign','2014-12-12 19:44:20','2014-12-12 19:44:20'),
	(446,3,'Danny changed value to 2475 - estimated_development_time to 36 - on #whatnormalfeelslike Campaign','2014-12-12 19:44:54','2014-12-12 19:44:54'),
	(447,3,'Danny changed value to 2475 - project phase to Pipeline - on #whatnormalfeelslike Campaign','2014-12-12 19:45:20','2014-12-12 19:45:20'),
	(448,3,'Danny created a new Invoice - #1095, valued at £2475 for project #whatnormalfeelslike Campaign','2014-12-12 19:45:41','2014-12-12 19:45:41'),
	(449,3,'Danny changed value to 2475 - on #whatnormalfeelslike Campaign','2014-12-12 19:45:49','2014-12-12 19:45:49'),
	(450,3,'Danny created new project French Imbruvica eDetail','2014-12-12 19:46:44','2014-12-12 19:46:44'),
	(451,3,'Danny created a new Invoice - #1094, valued at £5500 for project French Imbruvica eDetail','2014-12-12 19:47:08','2014-12-12 19:47:08'),
	(452,3,'Danny added a note to Coppafeel website migration','2014-12-12 19:47:46','2014-12-12 19:47:46'),
	(453,3,'Danny changed value to 5500 - on French Imbruvica eDetail','2014-12-12 19:47:52','2014-12-12 19:47:52'),
	(454,3,'Danny created new project GPStudio Quarterly MailChimp Mailer','2014-12-12 19:49:11','2014-12-12 19:49:11'),
	(455,3,'Danny created a new Invoice - #1092, valued at £875 for project GPStudio Quarterly MailChimp Mailer','2014-12-12 19:49:21','2014-12-12 19:49:21'),
	(456,3,'Danny changed resource to DB, AT - value to 875 - on GPStudio Quarterly MailChimp Mailer','2014-12-12 19:49:27','2014-12-12 19:49:27'),
	(457,3,'Danny created new project Vitality Run Series Website Updates Q4 2014','2014-12-12 19:50:41','2014-12-12 19:50:41'),
	(458,3,'Danny created a new Invoice - #1091, valued at £437.50 for project Vitality Run Series Website Updates Q4 2014','2014-12-12 19:51:03','2014-12-12 19:51:03'),
	(459,3,'Danny changed value to 437.5 - on Vitality Run Series Website Updates Q4 2014','2014-12-12 19:51:08','2014-12-12 19:51:08'),
	(460,3,'Danny created new project Gulfstream Website: Annual Social Media Management','2014-12-12 19:53:16','2014-12-12 19:53:16'),
	(461,3,'Danny created a new Invoice - #1078, valued at £12300 for project Gulfstream Website: Annual Social Media Management','2014-12-12 19:53:34','2014-12-12 19:53:34'),
	(462,3,'Danny changed value to 12300 - on Gulfstream Website: Annual Social Media Management','2014-12-12 19:53:37','2014-12-12 19:53:37'),
	(463,3,'Danny changed value to 875 - project phase to Scope - on GPStudio Quarterly MailChimp Mailer','2014-12-15 14:36:17','2014-12-15 14:36:17'),
	(464,3,'Danny created new project 3 x Product Offer Emails (Dec 2014)','2014-12-15 18:47:32','2014-12-15 18:47:32'),
	(465,3,'Danny created a new Invoice - #1096, valued at £1500 for project 3 x Product Offer Emails (Dec 2014)','2014-12-15 18:47:43','2014-12-15 18:47:43'),
	(466,3,'Danny changed value to 1500 - on 3 x Product Offer Emails (Dec 2014)','2014-12-15 18:47:54','2014-12-15 18:47:54'),
	(467,3,'Danny created new project Nissan Christmas Card HTML Build','2014-12-15 18:48:44','2014-12-15 18:48:44'),
	(468,3,'Danny created a new Invoice - #1097, valued at £156.25 for project Nissan Christmas Card HTML Build','2014-12-15 18:48:54','2014-12-15 18:48:54'),
	(469,3,'Danny changed value to 156.25 - on Nissan Christmas Card HTML Build','2014-12-15 18:48:56','2014-12-15 18:48:56'),
	(470,3,'Danny created new client Borough Kitchen','2014-12-15 18:51:20','2014-12-15 18:51:20'),
	(471,3,'Danny created new contact David Caldana','2014-12-15 18:51:54','2014-12-15 18:51:54'),
	(472,3,'Danny updated contact David Caldana','2014-12-15 18:52:33','2014-12-15 18:52:33'),
	(473,3,'Danny created new project Borough Kitchen Website Rebuild','2014-12-15 18:53:16','2014-12-15 18:53:16'),
	(474,3,'Danny created a new Invoice - #1076, valued at £21500 for project Borough Kitchen Website Rebuild','2014-12-15 18:53:33','2014-12-15 18:53:33'),
	(475,3,'Danny changed value to 21500 - on Borough Kitchen Website Rebuild','2014-12-15 18:53:35','2014-12-15 18:53:35'),
	(476,1,'Alex changed value to 468 - project phase to Build - on Nissan Love2shop emails (November 2014) Q4','2014-12-16 15:45:17','2014-12-16 15:45:17'),
	(477,1,'Alex updated Invoice #1071 - value to 576.00 on Nissan Love2shop emails (November 2014) Q4','2014-12-16 16:06:30','2014-12-16 16:06:30'),
	(478,1,'Alex changed value to 576 - on Nissan Love2shop emails (November 2014) Q4','2014-12-16 16:06:40','2014-12-16 16:06:40'),
	(479,3,'Danny added a note to Breed Jessica May Underwood Updates','2014-12-18 10:21:10','2014-12-18 10:21:10'),
	(480,3,'Danny changed value to 10850 - project phase to Rejected - on CHECT WordPress Website Build','2014-12-18 10:21:20','2014-12-18 10:21:20'),
	(481,3,'Danny added a note to Additional ad format for Cunard','2014-12-18 10:22:04','2014-12-18 10:22:04'),
	(482,3,'Danny changed value to 6720 - project phase to Rejected - on Imbruvica Veeva iRep iPad App - Language Locale','2014-12-18 10:22:22','2014-12-18 10:22:22'),
	(483,3,'Danny added a note to Nissan Crossover Weekend Q2 2014','2014-12-18 10:22:35','2014-12-18 10:22:35'),
	(484,3,'Danny changed value to 3120 - project phase to Rejected - on Siltuximab EMEA Materials Development - Language Locale','2014-12-18 10:22:41','2014-12-18 10:22:41'),
	(485,1,'Alex created new contact Caroline McCulloch','2014-12-19 13:55:35','2014-12-19 13:55:35'),
	(486,1,'Alex created new project Nissan Research Email (December 2014) Q4','2014-12-19 13:56:24','2014-12-19 13:56:24'),
	(487,1,'Alex changed name to Nissan Mechanical Parts Emails (December 2014) Q4 - value to 360 - on Nissan Mechanical Parts Emails (December 2014) Q4','2014-12-19 14:18:51','2014-12-19 14:18:51'),
	(488,1,'Alex changed value to 360 - project phase to Build - on Nissan Mechanical Parts Emails (December 2014) Q4','2014-12-19 14:19:05','2014-12-19 14:19:05'),
	(489,1,'Alex created new project Nissan Southend Bespoke Emails (December 2014) Q4','2014-12-22 14:22:31','2014-12-22 14:22:31'),
	(490,1,'Alex created a new Invoice - #1099, valued at £900 for project Nissan Southend Bespoke Emails (December 2014) Q4','2014-12-22 14:22:49','2014-12-22 14:22:49'),
	(491,1,'Alex changed value to 180 - project phase to Build - on Nissan Starters and Alternators version 2 (November 2014) Q4','2014-12-22 15:33:15','2014-12-22 15:33:15'),
	(492,1,'Alex changed value to 252 - project phase to Build - on Nissan eNewsletter Emails (November 2014) Q4','2014-12-22 15:33:33','2014-12-22 15:33:33'),
	(493,1,'Alex changed percentage_complete to 100 - project phase to Complete - on Nissan Southend Bespoke Emails (December 2014) Q4','2014-12-31 12:08:59','2014-12-31 12:08:59'),
	(494,1,'Alex changed percentage_complete to 100 - value to 360 - project phase to Complete - on Nissan Mechanical Parts Emails (December 2014) Q4','2014-12-31 12:09:29','2014-12-31 12:09:29'),
	(495,1,'Alex changed percentage_complete to 100 - value to 576 - project phase to Complete - on Nissan Love2shop emails (November 2014) Q4','2014-12-31 12:09:55','2014-12-31 12:09:55'),
	(496,1,'Alex changed percentage_complete to 100 - value to 252 - project phase to Complete - on Nissan eNewsletter Emails (November 2014) Q4','2014-12-31 12:10:33','2014-12-31 12:10:33'),
	(497,1,'Alex changed percentage_complete to 100 - value to 180 - on Nissan Brake Pads and Discs version 2 (December 2014) Q4','2014-12-31 12:11:07','2014-12-31 12:11:07'),
	(498,1,'Alex changed percentage_complete to 100 - value to 180 - completed_date to 2014-12-24 - project phase to Complete - on Nissan Starters and Alternators version 2 (November 2014) Q4','2014-12-31 12:11:34','2014-12-31 12:11:34'),
	(499,1,'Alex changed value to 180 - completed_date to 2014-12-24 - project phase to Complete - on Nissan Brake Pads and Discs version 2 (December 2014) Q4','2014-12-31 12:11:50','2014-12-31 12:11:50'),
	(500,1,'Alex changed value to 252 - completed_date to 2014-12-24 - on Nissan eNewsletter Emails (November 2014) Q4','2014-12-31 12:12:53','2014-12-31 12:12:53'),
	(501,1,'Alex changed value to 576 - completed_date to 2014-12-24 - on Nissan Love2shop emails (November 2014) Q4','2014-12-31 12:13:05','2014-12-31 12:13:05'),
	(502,1,'Alex changed value to 360 - completed_date to 2014-12-24 - on Nissan Mechanical Parts Emails (December 2014) Q4','2014-12-31 12:13:14','2014-12-31 12:13:14'),
	(503,1,'Alex changed value to 360 - on Nissan Mechanical Parts Emails (December 2014) Q4','2014-12-31 12:13:14','2014-12-31 12:13:14'),
	(504,1,'Alex changed completed_date to 2014-12-24 - on Nissan Southend Bespoke Emails (December 2014) Q4','2014-12-31 12:13:29','2014-12-31 12:13:29'),
	(505,1,'Alex changed percentage_complete to 100 - completed_date to 2014-12-24 - project phase to Complete - on Nissan Research Email (December 2014) Q4','2014-12-31 12:30:32','2014-12-31 12:30:32'),
	(506,1,'Alex created a new Invoice - #1100, valued at £712.50 for project Nissan Research Email (December 2014) Q4','2015-01-02 11:50:26','2015-01-02 11:50:26'),
	(507,1,'Alex changed value to 712.5 - on Nissan Research Email (December 2014) Q4','2015-01-02 11:50:33','2015-01-02 11:50:33'),
	(508,1,'Alex changed value to 900 - on Nissan Southend Bespoke Emails (December 2014) Q4','2015-01-05 11:57:29','2015-01-05 11:57:29'),
	(509,1,'Alex created new contact Donna Edgecombe','2015-01-05 12:00:14','2015-01-05 12:00:14'),
	(510,1,'Alex created new project Accessory Employee HTML','2015-01-05 12:00:46','2015-01-05 12:00:46'),
	(511,1,'Alex created a new Estimate - #1101, valued at £1275 for project Accessory Employee HTML','2015-01-05 12:01:11','2015-01-05 12:01:11'),
	(512,1,'Alex changed name to Accessory Employee HTML Updates x5 - value to 1275 - on Accessory Employee HTML Updates x5','2015-01-05 12:01:20','2015-01-05 12:01:20'),
	(513,1,'Alex updated Invoice #1073 - value to 252 on Nissan Service Kits emails (November 2014) Q4','2015-01-06 11:46:17','2015-01-06 11:46:17'),
	(514,1,'Alex changed value to 252 - on Nissan Service Kits emails (November 2014) Q4','2015-01-06 11:46:23','2015-01-06 11:46:23'),
	(515,1,'Alex created a new Estimate - #1102, valued at £750 for project GoUltraLow site amends (October 2014) Q4','2015-01-06 13:18:27','2015-01-06 13:18:27'),
	(516,1,'Alex changed percentage_complete to 40 - value to 10457.5 - on GoUltraLow site amends (October 2014) Q4','2015-01-06 13:19:23','2015-01-06 13:19:23'),
	(517,1,'Alex changed value to 1275 - project phase to On Hold - on Accessory Employee HTML Updates x5','2015-01-06 13:23:58','2015-01-06 13:23:58');

/*!40000 ALTER TABLE `updates` ENABLE KEYS */;
UNLOCK TABLES;


# Dump of table users
# ------------------------------------------------------------

DROP TABLE IF EXISTS `users`;

CREATE TABLE `users` (
  `id` int(10) unsigned NOT NULL AUTO_INCREMENT,
  `username` varchar(255) COLLATE utf8_unicode_ci NOT NULL,
  `email` varchar(255) COLLATE utf8_unicode_ci NOT NULL,
  `password` varchar(255) COLLATE utf8_unicode_ci NOT NULL,
  `role_id` int(11) NOT NULL DEFAULT '5',
  `last_login` datetime NOT NULL DEFAULT '0000-00-00 00:00:00',
  `enabled` tinyint(1) NOT NULL DEFAULT '0',
  `remember_token` varchar(100) COLLATE utf8_unicode_ci DEFAULT NULL,
  `created_at` timestamp NOT NULL DEFAULT '0000-00-00 00:00:00',
  `updated_at` timestamp NOT NULL DEFAULT '0000-00-00 00:00:00',
  PRIMARY KEY (`id`),
  UNIQUE KEY `users_username_unique` (`username`),
  UNIQUE KEY `users_email_unique` (`email`)
) ENGINE=InnoDB DEFAULT CHARSET=utf8 COLLATE=utf8_unicode_ci;

LOCK TABLES `users` WRITE;
/*!40000 ALTER TABLE `users` DISABLE KEYS */;

INSERT INTO `users` (`id`, `username`, `email`, `password`, `role_id`, `last_login`, `enabled`, `remember_token`, `created_at`, `updated_at`)
VALUES
	(1,'Alex','alex.tebbutt@digi-nut.co.uk','$2y$10$hGbLQZ1JGN2nab9te61pfeJ2aCalDVjbhhmHDin09RobFAPYfqwNe',1,'2015-01-06 13:58:11',1,'oN5MgND3miAfjze7tciiOJV6XsokkmHn1eBBaMFU3jrPy9xQ416MlcwUvCIn','2014-04-29 16:42:40','2015-01-06 13:58:11'),
	(3,'Danny','danny.bull@digi-nut.co.uk','$2y$10$/Ct.2JjsQ8YQCVFg3Krd5Of6Ah/GOdY3boQG7wugTtfPpF1qq0YOy',1,'2015-01-06 11:04:04',1,'','2014-04-29 16:42:40','2015-01-06 11:04:04');

/*!40000 ALTER TABLE `users` ENABLE KEYS */;
UNLOCK TABLES;



/*!40111 SET SQL_NOTES=@OLD_SQL_NOTES */;
/*!40101 SET SQL_MODE=@OLD_SQL_MODE */;
/*!40014 SET FOREIGN_KEY_CHECKS=@OLD_FOREIGN_KEY_CHECKS */;
/*!40101 SET CHARACTER_SET_CLIENT=@OLD_CHARACTER_SET_CLIENT */;
/*!40101 SET CHARACTER_SET_RESULTS=@OLD_CHARACTER_SET_RESULTS */;
/*!40101 SET COLLATION_CONNECTION=@OLD_COLLATION_CONNECTION */;
